✓ Output directories created at: data/preprocessed_output

======================================================================
Processing 962 train files
======================================================================
[   1/962] ✓ MIDI-UNPROCESSED_01-03_R1_2014_MID--AUDIO_01_R1_2014_wav--3.midi | Segments:  319 | Shape: (319, 64, 88)
[   2/962] ✓ MIDI-UNPROCESSED_01-03_R1_2014_MID--AUDIO_02_R1_2014_wav--2.midi | Segments:  266 | Shape: (266, 64, 88)
[   3/962] ✓ MIDI-UNPROCESSED_01-03_R1_2014_MID--AUDIO_02_R1_2014_wav--5.midi | Segments:  370 | Shape: (370, 64, 88)
[   4/962] ✓ MIDI-UNPROCESSED_01-03_R1_2014_MID--AUDIO_03_R1_2014_wav--3.midi | Segments:  117 | Shape: (117, 64, 88)
[   5/962] ✓ MIDI-UNPROCESSED_01-03_R1_2014_MID--AUDIO_03_R1_2014_wav--5.midi | Segments:  152 | Shape: (152, 64, 88)
[   6/962] ✓ MIDI-UNPROCESSED_01-03_R1_2014_MID--AUDIO_03_R1_2014_wav--6.midi | Segments:  321 | Shape: (321, 64, 88)
[   7/962] ✓ MIDI-UNPROCESSED_04-05_R1_2014_MID--AUDIO_04_R1_2014_wav--1.midi | Segments:   34 | Shape: (34, 64, 88)
[   8/962] ✓ MIDI-UNPROCESSED_04-05_R1_2014_MID--AUDIO_04_R1_2014_wav--4.midi | Segments:   70 | Shape: (70, 64, 88)
[   9/962] ✓ MIDI-UNPROCESSED_04-05_R1_2014_MID--AUDIO_05_R1_2014_wav--1.midi | Segments:  184 | Shape: (184, 64, 88)
[  10/962] ✓ MIDI-UNPROCESSED_04-05_R1_2014_MID--AUDIO_05_R1_2014_wav--2.midi | Segments:   51 | Shape: (51, 64, 88)
[  11/962] ✓ MIDI-UNPROCESSED_04-05_R1_2014_MID--AUDIO_05_R1_2014_wav--6.midi | Segments:   60 | Shape: (60, 64, 88)
[  12/962] ✓ MIDI-UNPROCESSED_04-05_R1_2014_MID--AUDIO_05_R1_2014_wav--7.midi | Segments:  195 | Shape: (195, 64, 88)
[  13/962] ✓ MIDI-UNPROCESSED_04-05_R1_2014_MID--AUDIO_05_R1_2014_wav--8.midi | Segments:  258 | Shape: (258, 64, 88)
[  14/962] ✓ MIDI-UNPROCESSED_04-07-08-10-12-15-17_R2_2014_MID--AUDIO_04_R2_2014_wav.midi | Segments:  553 | Shape: (553, 64, 88)
[  15/962] ✓ MIDI-UNPROCESSED_04-07-08-10-12-15-17_R2_2014_MID--AUDIO_07_R2_2014_wav.midi | Segments:  447 | Shape: (447, 64, 88)
[  16/962] ✓ MIDI-UNPROCESSED_04-07-08-10-12-15-17_R2_2014_MID--AUDIO_08_R2_2014_wav.midi | Segments:  585 | Shape: (585, 64, 88)
[  17/962] ✓ MIDI-UNPROCESSED_04-07-08-10-12-15-17_R2_2014_MID--AUDIO_10_R2_2014_wav.midi | Segments:  493 | Shape: (493, 64, 88)
[  18/962] ✓ MIDI-UNPROCESSED_04-07-08-10-12-15-17_R2_2014_MID--AUDIO_12_R2_2014_wav.midi | Segments:  656 | Shape: (656, 64, 88)
[  19/962] ✓ MIDI-UNPROCESSED_04-07-08-10-12-15-17_R2_2014_MID--AUDIO_15_R2_2014_wav.midi | Segments:  420 | Shape: (420, 64, 88)
[  20/962] ✓ MIDI-UNPROCESSED_04-07-08-10-12-15-17_R2_2014_MID--AUDIO_17_R2_2014_wav.midi | Segments:  552 | Shape: (552, 64, 88)
[  21/962] ✓ MIDI-UNPROCESSED_04-08-12_R3_2014_MID--AUDIO_04_R3_2014_wav--1.midi | Segments:  249 | Shape: (249, 64, 88)
[  22/962] ✓ MIDI-UNPROCESSED_04-08-12_R3_2014_MID--AUDIO_04_R3_2014_wav--2.midi | Segments:  169 | Shape: (169, 64, 88)
[  23/962] ✓ MIDI-UNPROCESSED_04-08-12_R3_2014_MID--AUDIO_08_R3_2014_wav.midi | Segments:  478 | Shape: (478, 64, 88)
[  24/962] ✓ MIDI-UNPROCESSED_04-08-12_R3_2014_MID--AUDIO_12_R3_2014_wav--1.midi | Segments:  289 | Shape: (289, 64, 88)
[  25/962] ✓ MIDI-UNPROCESSED_06-08_R1_2014_MID--AUDIO_06_R1_2014_wav--1.midi | Segments:   85 | Shape: (85, 64, 88)
[  26/962] ✓ MIDI-UNPROCESSED_06-08_R1_2014_MID--AUDIO_06_R1_2014_wav--2.midi | Segments:  387 | Shape: (387, 64, 88)
[  27/962] ✓ MIDI-UNPROCESSED_06-08_R1_2014_MID--AUDIO_06_R1_2014_wav--3.midi | Segments:  284 | Shape: (284, 64, 88)
[  28/962] ✓ MIDI-UNPROCESSED_06-08_R1_2014_MID--AUDIO_07_R1_2014_wav--2.midi | Segments:  283 | Shape: (283, 64, 88)
[  29/962] ✓ MIDI-UNPROCESSED_06-08_R1_2014_MID--AUDIO_07_R1_2014_wav--3.midi | Segments:  145 | Shape: (145, 64, 88)
[  30/962] ✓ MIDI-UNPROCESSED_06-08_R1_2014_MID--AUDIO_07_R1_2014_wav--4.midi | Segments:  156 | Shape: (156, 64, 88)
[  31/962] ✓ MIDI-UNPROCESSED_06-08_R1_2014_MID--AUDIO_07_R1_2014_wav--5.midi | Segments:   64 | Shape: (64, 64, 88)
[  32/962] ✓ MIDI-UNPROCESSED_06-08_R1_2014_MID--AUDIO_07_R1_2014_wav--6.midi | Segments:   91 | Shape: (91, 64, 88)
[  33/962] ✓ MIDI-UNPROCESSED_06-08_R1_2014_MID--AUDIO_07_R1_2014_wav--7.midi | Segments:  200 | Shape: (200, 64, 88)
[  34/962] ✓ MIDI-UNPROCESSED_06-08_R1_2014_MID--AUDIO_08_R1_2014_wav--1.midi | Segments:  163 | Shape: (163, 64, 88)
[  35/962] ✓ MIDI-UNPROCESSED_06-08_R1_2014_MID--AUDIO_08_R1_2014_wav--2.midi | Segments:  615 | Shape: (615, 64, 88)
[  36/962] ✓ MIDI-UNPROCESSED_09-10_R1_2014_MID--AUDIO_09_R1_2014_wav--1.midi | Segments:  197 | Shape: (197, 64, 88)
[  37/962] ✓ MIDI-UNPROCESSED_09-10_R1_2014_MID--AUDIO_09_R1_2014_wav--2.midi | Segments:  256 | Shape: (256, 64, 88)
[  38/962] ✓ MIDI-UNPROCESSED_09-10_R1_2014_MID--AUDIO_09_R1_2014_wav--3.midi | Segments:   55 | Shape: (55, 64, 88)
[  39/962] ✓ MIDI-UNPROCESSED_09-10_R1_2014_MID--AUDIO_10_R1_2014_wav--1.midi | Segments:   19 | Shape: (19, 64, 88)
[  40/962] ✓ MIDI-UNPROCESSED_09-10_R1_2014_MID--AUDIO_10_R1_2014_wav--2.midi | Segments:   43 | Shape: (43, 64, 88)
[  41/962] ✓ MIDI-UNPROCESSED_09-10_R1_2014_MID--AUDIO_10_R1_2014_wav--3.midi | Segments:  503 | Shape: (503, 64, 88)
[  42/962] ✓ MIDI-UNPROCESSED_09-10_R1_2014_MID--AUDIO_10_R1_2014_wav--4.midi | Segments:  225 | Shape: (225, 64, 88)
[  43/962] ✓ MIDI-UNPROCESSED_09-10_R1_2014_MID--AUDIO_10_R1_2014_wav--5.midi | Segments:  152 | Shape: (152, 64, 88)
[  44/962] ✓ MIDI-UNPROCESSED_11-13_R1_2014_MID--AUDIO_11_R1_2014_wav--2.midi | Segments:   50 | Shape: (50, 64, 88)
[  45/962] ✓ MIDI-UNPROCESSED_11-13_R1_2014_MID--AUDIO_11_R1_2014_wav--3.midi | Segments:  369 | Shape: (369, 64, 88)
[  46/962] ✓ MIDI-UNPROCESSED_11-13_R1_2014_MID--AUDIO_12_R1_2014_wav--1.midi | Segments:  468 | Shape: (468, 64, 88)
[  47/962] ✓ MIDI-UNPROCESSED_11-13_R1_2014_MID--AUDIO_12_R1_2014_wav--2.midi | Segments:  131 | Shape: (131, 64, 88)
[  48/962] ✓ MIDI-UNPROCESSED_11-13_R1_2014_MID--AUDIO_13_R1_2014_wav--1.midi | Segments:   80 | Shape: (80, 64, 88)
[  49/962] ✓ MIDI-UNPROCESSED_11-13_R1_2014_MID--AUDIO_13_R1_2014_wav--2.midi | Segments:   42 | Shape: (42, 64, 88)
[  50/962] ✓ MIDI-UNPROCESSED_11-13_R1_2014_MID--AUDIO_13_R1_2014_wav--3.midi | Segments:  300 | Shape: (300, 64, 88)
[  51/962] ✓ MIDI-UNPROCESSED_14-15_R1_2014_MID--AUDIO_14_R1_2014_wav--1.midi | Segments:  237 | Shape: (237, 64, 88)
[  52/962] ✓ MIDI-UNPROCESSED_14-15_R1_2014_MID--AUDIO_15_R1_2014_wav--1.midi | Segments:  131 | Shape: (131, 64, 88)
[  53/962] ✓ MIDI-UNPROCESSED_14-15_R1_2014_MID--AUDIO_15_R1_2014_wav--5.midi | Segments:  121 | Shape: (121, 64, 88)
[  54/962] ✓ MIDI-UNPROCESSED_14-15_R1_2014_MID--AUDIO_15_R1_2014_wav--6.midi | Segments:  412 | Shape: (412, 64, 88)
[  55/962] ✓ MIDI-UNPROCESSED_16-18_R1_2014_MID--AUDIO_16_R1_2014_wav--1.midi | Segments:   59 | Shape: (59, 64, 88)
[  56/962] ✓ MIDI-UNPROCESSED_16-18_R1_2014_MID--AUDIO_16_R1_2014_wav--3.midi | Segments:  177 | Shape: (177, 64, 88)
[  57/962] ✓ MIDI-UNPROCESSED_16-18_R1_2014_MID--AUDIO_17_R1_2014_wav--1.midi | Segments:  290 | Shape: (290, 64, 88)
[  58/962] ✓ MIDI-UNPROCESSED_16-18_R1_2014_MID--AUDIO_17_R1_2014_wav--2.midi | Segments:  198 | Shape: (198, 64, 88)
[  59/962] ✓ MIDI-UNPROCESSED_16-18_R1_2014_MID--AUDIO_18_R1_2014_wav--1.midi | Segments:  196 | Shape: (196, 64, 88)
[  60/962] ✓ MIDI-UNPROCESSED_16-18_R1_2014_MID--AUDIO_18_R1_2014_wav--2.midi | Segments:  275 | Shape: (275, 64, 88)
[  61/962] ✓ MIDI-UNPROCESSED_16-18_R1_2014_MID--AUDIO_18_R1_2014_wav--3.midi | Segments:   38 | Shape: (38, 64, 88)
[  62/962] ✓ MIDI-UNPROCESSED_16-18_R1_2014_MID--AUDIO_18_R1_2014_wav--4.midi | Segments:   55 | Shape: (55, 64, 88)
[  63/962] ✓ MIDI-UNPROCESSED_16-18_R1_2014_MID--AUDIO_18_R1_2014_wav--5.midi | Segments:  118 | Shape: (118, 64, 88)
[  64/962] ✓ MIDI-UNPROCESSED_19-20-21_R2_2014_MID--AUDIO_19_R2_2014_wav.midi | Segments:  613 | Shape: (613, 64, 88)
[  65/962] ✓ MIDI-UNPROCESSED_19-20-21_R2_2014_MID--AUDIO_21_R2_2014_wav.midi | Segments:  441 | Shape: (441, 64, 88)
[  66/962] ✓ MIDI-UNPROCESSED_19-20_R1_2014_MID--AUDIO_19_R1_2014_wav--1.midi | Segments:  150 | Shape: (150, 64, 88)
[  67/962] ✓ MIDI-UNPROCESSED_19-20_R1_2014_MID--AUDIO_19_R1_2014_wav--2.midi | Segments:  396 | Shape: (396, 64, 88)
[  68/962] ✓ MIDI-UNPROCESSED_19-20_R1_2014_MID--AUDIO_20_R1_2014_wav--1.midi | Segments:  197 | Shape: (197, 64, 88)
[  69/962] ✓ MIDI-UNPROCESSED_19-21_R3_2014_MID--AUDIO_21_R3_2014_wav--2.midi | Segments:   51 | Shape: (51, 64, 88)
[  70/962] ✓ MIDI-UNPROCESSED_21-22_R1_2014_MID--AUDIO_21_R1_2014_wav--1.midi | Segments:   27 | Shape: (27, 64, 88)
[  71/962] ✓ MIDI-UNPROCESSED_21-22_R1_2014_MID--AUDIO_21_R1_2014_wav--2.midi | Segments:   19 | Shape: (19, 64, 88)
[  72/962] ✓ MIDI-UNPROCESSED_21-22_R1_2014_MID--AUDIO_21_R1_2014_wav--3.midi | Segments:   47 | Shape: (47, 64, 88)
[  73/962] ✓ MIDI-UNPROCESSED_21-22_R1_2014_MID--AUDIO_21_R1_2014_wav--4.midi | Segments:  171 | Shape: (171, 64, 88)
[  74/962] ✓ MIDI-UNPROCESSED_21-22_R1_2014_MID--AUDIO_21_R1_2014_wav--6.midi | Segments:  177 | Shape: (177, 64, 88)
[  75/962] ✓ MIDI-UNPROCESSED_21-22_R1_2014_MID--AUDIO_21_R1_2014_wav--7.midi | Segments:  135 | Shape: (135, 64, 88)
[  76/962] ✓ MIDI-UNPROCESSED_21-22_R1_2014_MID--AUDIO_21_R1_2014_wav--8.midi | Segments:  408 | Shape: (408, 64, 88)
[  77/962] ✓ MIDI-UNPROCESSED_21-22_R1_2014_MID--AUDIO_22_R1_2014_wav--1.midi | Segments:  176 | Shape: (176, 64, 88)
[  78/962] ✓ MIDI-UNPROCESSED_21-22_R1_2014_MID--AUDIO_22_R1_2014_wav--2.midi | Segments:  214 | Shape: (214, 64, 88)
[  79/962] ✓ MIDI-UNPROCESSED_21-22_R1_2014_MID--AUDIO_22_R1_2014_wav--4.midi | Segments:  161 | Shape: (161, 64, 88)
[  80/962] ✓ MIDI-UNPROCESSED_21-22_R1_2014_MID--AUDIO_22_R1_2014_wav--5.midi | Segments:  364 | Shape: (364, 64, 88)
[  81/962] ✓ MIDI-Unprocessed_01_R1_2006_01-09_ORIG_MID--AUDIO_01_R1_2006_01_Track01_wav.midi | Segments:  449 | Shape: (449, 64, 88)
[  82/962] ✓ MIDI-Unprocessed_01_R1_2006_01-09_ORIG_MID--AUDIO_01_R1_2006_03_Track03_wav.midi | Segments:  246 | Shape: (246, 64, 88)
[  83/962] ✓ MIDI-Unprocessed_01_R1_2006_01-09_ORIG_MID--AUDIO_01_R1_2006_05_Track05_wav.midi | Segments:  108 | Shape: (108, 64, 88)
[  84/962] ✓ MIDI-Unprocessed_01_R1_2008_01-04_ORIG_MID--AUDIO_01_R1_2008_wav--1.midi | Segments:   85 | Shape: (85, 64, 88)
[  85/962] ✓ MIDI-Unprocessed_01_R1_2008_01-04_ORIG_MID--AUDIO_01_R1_2008_wav--2.midi | Segments:   69 | Shape: (69, 64, 88)
[  86/962] ✓ MIDI-Unprocessed_01_R1_2008_01-04_ORIG_MID--AUDIO_01_R1_2008_wav--3.midi | Segments:  117 | Shape: (117, 64, 88)
[  87/962] ✓ MIDI-Unprocessed_01_R1_2009_01-04_ORIG_MID--AUDIO_01_R1_2009_01_R1_2009_01_WAV.midi | Segments:   23 | Shape: (23, 64, 88)
[  88/962] ✓ MIDI-Unprocessed_01_R1_2009_01-04_ORIG_MID--AUDIO_01_R1_2009_01_R1_2009_02_WAV.midi | Segments:   34 | Shape: (34, 64, 88)
[  89/962] ✓ MIDI-Unprocessed_01_R1_2011_MID--AUDIO_R1-D1_02_Track02_wav.midi | Segments:   38 | Shape: (38, 64, 88)
[  90/962] ✓ MIDI-Unprocessed_01_R1_2011_MID--AUDIO_R1-D1_03_Track03_wav.midi | Segments:   42 | Shape: (42, 64, 88)
[  91/962] ✓ MIDI-Unprocessed_01_R1_2011_MID--AUDIO_R1-D1_04_Track04_wav.midi | Segments:   81 | Shape: (81, 64, 88)
[  92/962] ✓ MIDI-Unprocessed_01_R1_2011_MID--AUDIO_R1-D1_05_Track05_wav.midi | Segments:   30 | Shape: (30, 64, 88)
[  93/962] ✓ MIDI-Unprocessed_01_R2_2006_01_ORIG_MID--AUDIO_01_R2_2006_01_Track01_wav.midi | Segments:  165 | Shape: (165, 64, 88)
[  94/962] ✓ MIDI-Unprocessed_01_R2_2006_01_ORIG_MID--AUDIO_01_R2_2006_02_Track02_wav.midi | Segments:  108 | Shape: (108, 64, 88)
[  95/962] ✓ MIDI-Unprocessed_01_R2_2006_01_ORIG_MID--AUDIO_01_R2_2006_03_Track03_wav.midi | Segments:  224 | Shape: (224, 64, 88)
[  96/962] ✓ MIDI-Unprocessed_02_R1_2006_01-04_ORIG_MID--AUDIO_02_R1_2006_01_Track01_wav.midi | Segments:  240 | Shape: (240, 64, 88)
[  97/962] ✓ MIDI-Unprocessed_02_R1_2006_01-04_ORIG_MID--AUDIO_02_R1_2006_02_Track02_wav.midi | Segments:  339 | Shape: (339, 64, 88)
[  98/962] ✓ MIDI-Unprocessed_02_R1_2006_01-04_ORIG_MID--AUDIO_02_R1_2006_03_Track03_wav.midi | Segments:  167 | Shape: (167, 64, 88)
[  99/962] ✓ MIDI-Unprocessed_02_R1_2008_01-05_ORIG_MID--AUDIO_02_R1_2008_wav--1.midi | Segments:   45 | Shape: (45, 64, 88)
[ 100/962] ✓ MIDI-Unprocessed_02_R1_2008_01-05_ORIG_MID--AUDIO_02_R1_2008_wav--2.midi | Segments:   57 | Shape: (57, 64, 88)
[ 101/962] ✓ MIDI-Unprocessed_02_R1_2008_01-05_ORIG_MID--AUDIO_02_R1_2008_wav--4.midi | Segments:  117 | Shape: (117, 64, 88)
[ 102/962] ✓ MIDI-Unprocessed_02_R1_2008_01-05_ORIG_MID--AUDIO_02_R1_2008_wav--5.midi | Segments:   82 | Shape: (82, 64, 88)
[ 103/962] ✓ MIDI-Unprocessed_02_R1_2009_01-02_ORIG_MID--AUDIO_02_R1_2009_02_R1_2009_01_WAV.midi | Segments:  197 | Shape: (197, 64, 88)
[ 104/962] ✓ MIDI-Unprocessed_02_R1_2009_01-02_ORIG_MID--AUDIO_02_R1_2009_02_R1_2009_02_WAV.midi | Segments:  329 | Shape: (329, 64, 88)
[ 105/962] ✓ MIDI-Unprocessed_02_R1_2011_MID--AUDIO_R1-D1_08_Track08_wav.midi | Segments:   61 | Shape: (61, 64, 88)
[ 106/962] ✓ MIDI-Unprocessed_02_R1_2011_MID--AUDIO_R1-D1_09_Track09_wav.midi | Segments:   46 | Shape: (46, 64, 88)
[ 107/962] ✓ MIDI-Unprocessed_02_R2_2008_01-05_ORIG_MID--AUDIO_02_R2_2008_wav--1.midi | Segments:   55 | Shape: (55, 64, 88)
[ 108/962] ✓ MIDI-Unprocessed_02_R2_2008_01-05_ORIG_MID--AUDIO_02_R2_2008_wav--3.midi | Segments:   60 | Shape: (60, 64, 88)
[ 109/962] ✓ MIDI-Unprocessed_02_R2_2008_01-05_ORIG_MID--AUDIO_02_R2_2008_wav--4.midi | Segments:   27 | Shape: (27, 64, 88)
[ 110/962] ✓ MIDI-Unprocessed_02_R2_2008_01-05_ORIG_MID--AUDIO_02_R2_2008_wav--5.midi | Segments:   68 | Shape: (68, 64, 88)
[ 111/962] ✓ MIDI-Unprocessed_02_R3_2008_01-03_ORIG_MID--AUDIO_02_R3_2008_wav--1.midi | Segments:  136 | Shape: (136, 64, 88)
[ 112/962] ✓ MIDI-Unprocessed_02_R3_2008_01-03_ORIG_MID--AUDIO_02_R3_2008_wav--2.midi | Segments:   85 | Shape: (85, 64, 88)
[ 113/962] ✓ MIDI-Unprocessed_02_R3_2008_01-03_ORIG_MID--AUDIO_02_R3_2008_wav--3.midi | Segments:  234 | Shape: (234, 64, 88)
[ 114/962] ✓ MIDI-Unprocessed_03_R1_2006_01-05_ORIG_MID--AUDIO_03_R1_2006_05_Track05_wav.midi | Segments:  260 | Shape: (260, 64, 88)
[ 115/962] ✓ MIDI-Unprocessed_03_R1_2008_01-04_ORIG_MID--AUDIO_03_R1_2008_wav--2.midi | Segments:  148 | Shape: (148, 64, 88)
[ 116/962] ✓ MIDI-Unprocessed_03_R1_2008_01-04_ORIG_MID--AUDIO_03_R1_2008_wav--3.midi | Segments:   31 | Shape: (31, 64, 88)
[ 117/962] ✓ MIDI-Unprocessed_03_R1_2008_01-04_ORIG_MID--AUDIO_03_R1_2008_wav--4.midi | Segments:  105 | Shape: (105, 64, 88)
[ 118/962] ✓ MIDI-Unprocessed_03_R1_2009_01-02_ORIG_MID--AUDIO_03_R1_2009_03_R1_2009_02_WAV.midi | Segments:  417 | Shape: (417, 64, 88)
[ 119/962] ✓ MIDI-Unprocessed_03_R1_2009_03-08_ORIG_MID--AUDIO_03_R1_2009_03_R1_2009_04_WAV.midi | Segments:  107 | Shape: (107, 64, 88)
[ 120/962] ✓ MIDI-Unprocessed_03_R1_2009_03-08_ORIG_MID--AUDIO_03_R1_2009_03_R1_2009_05_WAV.midi | Segments:   91 | Shape: (91, 64, 88)
[ 121/962] ✓ MIDI-Unprocessed_03_R1_2009_03-08_ORIG_MID--AUDIO_03_R1_2009_03_R1_2009_06_WAV.midi | Segments:   77 | Shape: (77, 64, 88)
[ 122/962] ✓ MIDI-Unprocessed_03_R1_2009_03-08_ORIG_MID--AUDIO_03_R1_2009_03_R1_2009_07_WAV.midi | Segments:   43 | Shape: (43, 64, 88)
[ 123/962] ✓ MIDI-Unprocessed_03_R1_2009_03-08_ORIG_MID--AUDIO_03_R1_2009_03_R1_2009_08_WAV.midi | Segments:   84 | Shape: (84, 64, 88)
[ 124/962] ✓ MIDI-Unprocessed_03_R1_2011_MID--AUDIO_R1-D1_15_Track15_wav.midi | Segments:   36 | Shape: (36, 64, 88)
[ 125/962] ✓ MIDI-Unprocessed_03_R1_2011_MID--AUDIO_R1-D1_16_Track16_wav.midi | Segments:   51 | Shape: (51, 64, 88)
[ 126/962] ✓ MIDI-Unprocessed_03_R1_2011_MID--AUDIO_R1-D1_17_Track17_wav.midi | Segments:   29 | Shape: (29, 64, 88)
[ 127/962] ✓ MIDI-Unprocessed_03_R1_2011_MID--AUDIO_R1-D1_18_Track18_wav.midi | Segments:   68 | Shape: (68, 64, 88)
[ 128/962] ✓ MIDI-Unprocessed_03_R2_2008_01-03_ORIG_MID--AUDIO_03_R2_2008_wav--1.midi | Segments:  133 | Shape: (133, 64, 88)
[ 129/962] ✓ MIDI-Unprocessed_03_R2_2008_01-03_ORIG_MID--AUDIO_03_R2_2008_wav--2.midi | Segments:  191 | Shape: (191, 64, 88)
[ 130/962] ✓ MIDI-Unprocessed_03_R2_2008_01-03_ORIG_MID--AUDIO_03_R2_2008_wav--3.midi | Segments:  159 | Shape: (159, 64, 88)
[ 131/962] ✓ MIDI-Unprocessed_03_R2_2011_MID--AUDIO_R2-D1_07_Track07_wav.midi | Segments:  134 | Shape: (134, 64, 88)
[ 132/962] ✓ MIDI-Unprocessed_03_R2_2011_MID--AUDIO_R2-D1_08_Track08_wav.midi | Segments:   52 | Shape: (52, 64, 88)
[ 133/962] ✓ MIDI-Unprocessed_03_R3_2008_01-03_ORIG_MID--AUDIO_03_R3_2008_wav--1.midi | Segments:  159 | Shape: (159, 64, 88)
[ 134/962] ✓ MIDI-Unprocessed_03_R3_2011_MID--AUDIO_R3-D1_02_Track02_wav.midi | Segments:   60 | Shape: (60, 64, 88)
[ 135/962] ✓ MIDI-Unprocessed_03_R3_2011_MID--AUDIO_R3-D1_04_Track04_wav.midi | Segments:  163 | Shape: (163, 64, 88)
[ 136/962] ✓ MIDI-Unprocessed_03_R3_2011_MID--AUDIO_R3-D1_05_Track05_wav.midi | Segments:   63 | Shape: (63, 64, 88)
[ 137/962] ✓ MIDI-Unprocessed_03_R3_2011_MID--AUDIO_R3-D1_06_Track06_wav.midi | Segments:   64 | Shape: (64, 64, 88)
[ 138/962] ✓ MIDI-Unprocessed_03_R3_2011_MID--AUDIO_R3-D1_07_Track07_wav.midi | Segments:  151 | Shape: (151, 64, 88)
[ 139/962] ✓ MIDI-Unprocessed_041_PIANO041_MID--AUDIO-split_07-06-17_Piano-e_1-01_wav--1.midi | Segments:   37 | Shape: (37, 64, 88)
[ 140/962] ✓ MIDI-Unprocessed_041_PIANO041_MID--AUDIO-split_07-06-17_Piano-e_1-01_wav--2.midi | Segments:  118 | Shape: (118, 64, 88)
[ 141/962] ✓ MIDI-Unprocessed_041_PIANO041_MID--AUDIO-split_07-06-17_Piano-e_1-01_wav--3.midi | Segments:   59 | Shape: (59, 64, 88)
[ 142/962] ✓ MIDI-Unprocessed_041_PIANO041_MID--AUDIO-split_07-06-17_Piano-e_1-01_wav--4.midi | Segments:  164 | Shape: (164, 64, 88)
[ 143/962] ✓ MIDI-Unprocessed_042_PIANO042_MID--AUDIO-split_07-06-17_Piano-e_1-02_wav--1.midi | Segments:   83 | Shape: (83, 64, 88)
[ 144/962] ✓ MIDI-Unprocessed_042_PIANO042_MID--AUDIO-split_07-06-17_Piano-e_1-02_wav--2.midi | Segments:   29 | Shape: (29, 64, 88)
[ 145/962] ✓ MIDI-Unprocessed_042_PIANO042_MID--AUDIO-split_07-06-17_Piano-e_1-02_wav--3.midi | Segments:   88 | Shape: (88, 64, 88)
[ 146/962] ✓ MIDI-Unprocessed_043_PIANO043_MID--AUDIO-split_07-06-17_Piano-e_1-03_wav--2.midi | Segments:  159 | Shape: (159, 64, 88)
[ 147/962] ✓ MIDI-Unprocessed_043_PIANO043_MID--AUDIO-split_07-06-17_Piano-e_1-03_wav--3.midi | Segments:   31 | Shape: (31, 64, 88)
[ 148/962] ✓ MIDI-Unprocessed_043_PIANO043_MID--AUDIO-split_07-06-17_Piano-e_1-03_wav--4.midi | Segments:  110 | Shape: (110, 64, 88)
[ 149/962] ✓ MIDI-Unprocessed_044_PIANO044_MID--AUDIO-split_07-06-17_Piano-e_1-04_wav--3.midi | Segments:   30 | Shape: (30, 64, 88)
[ 150/962] ✓ MIDI-Unprocessed_044_PIANO044_MID--AUDIO-split_07-06-17_Piano-e_1-04_wav--4.midi | Segments:  157 | Shape: (157, 64, 88)
[ 151/962] ✓ MIDI-Unprocessed_045_PIANO045_MID--AUDIO-split_07-06-17_Piano-e_2-01_wav--1.midi | Segments:  128 | Shape: (128, 64, 88)
[ 152/962] ✓ MIDI-Unprocessed_045_PIANO045_MID--AUDIO-split_07-06-17_Piano-e_2-01_wav--2.midi | Segments:  129 | Shape: (129, 64, 88)
[ 153/962] ✓ MIDI-Unprocessed_045_PIANO045_MID--AUDIO-split_07-06-17_Piano-e_2-01_wav--4.midi | Segments:   98 | Shape: (98, 64, 88)
[ 154/962] ✓ MIDI-Unprocessed_046_PIANO046_MID--AUDIO-split_07-06-17_Piano-e_2-02_wav--1.midi | Segments:  131 | Shape: (131, 64, 88)
[ 155/962] ✓ MIDI-Unprocessed_046_PIANO046_MID--AUDIO-split_07-06-17_Piano-e_2-02_wav--3.midi | Segments:   70 | Shape: (70, 64, 88)
[ 156/962] ✓ MIDI-Unprocessed_046_PIANO046_MID--AUDIO-split_07-06-17_Piano-e_2-02_wav--4.midi | Segments:  139 | Shape: (139, 64, 88)
[ 157/962] ✓ MIDI-Unprocessed_047_PIANO047_MID--AUDIO-split_07-06-17_Piano-e_2-04_wav--1.midi | Segments:   76 | Shape: (76, 64, 88)
[ 158/962] ✓ MIDI-Unprocessed_047_PIANO047_MID--AUDIO-split_07-06-17_Piano-e_2-04_wav--2.midi | Segments:   54 | Shape: (54, 64, 88)
[ 159/962] ✓ MIDI-Unprocessed_047_PIANO047_MID--AUDIO-split_07-06-17_Piano-e_2-04_wav--3.midi | Segments:  120 | Shape: (120, 64, 88)
[ 160/962] ✓ MIDI-Unprocessed_047_PIANO047_MID--AUDIO-split_07-06-17_Piano-e_2-04_wav--4.midi | Segments:  126 | Shape: (126, 64, 88)
[ 161/962] ✓ MIDI-Unprocessed_048_PIANO048_MID--AUDIO-split_07-06-17_Piano-e_2-05_wav--1.midi | Segments:   88 | Shape: (88, 64, 88)
[ 162/962] ✓ MIDI-Unprocessed_048_PIANO048_MID--AUDIO-split_07-06-17_Piano-e_2-05_wav--2.midi | Segments:  121 | Shape: (121, 64, 88)
[ 163/962] ✓ MIDI-Unprocessed_048_PIANO048_MID--AUDIO-split_07-06-17_Piano-e_2-05_wav--4.midi | Segments:  156 | Shape: (156, 64, 88)
[ 164/962] ✓ MIDI-Unprocessed_049_PIANO049_MID--AUDIO-split_07-06-17_Piano-e_2-06_wav--1.midi | Segments:   57 | Shape: (57, 64, 88)
[ 165/962] ✓ MIDI-Unprocessed_049_PIANO049_MID--AUDIO-split_07-06-17_Piano-e_2-06_wav--3.midi | Segments:   28 | Shape: (28, 64, 88)
[ 166/962] ✓ MIDI-Unprocessed_049_PIANO049_MID--AUDIO-split_07-06-17_Piano-e_2-06_wav--5.midi | Segments:  130 | Shape: (130, 64, 88)
[ 167/962] ✓ MIDI-Unprocessed_04_R1_2006_01-04_ORIG_MID--AUDIO_04_R1_2006_01_Track01_wav.midi | Segments:  151 | Shape: (151, 64, 88)
[ 168/962] ✓ MIDI-Unprocessed_04_R1_2006_01-04_ORIG_MID--AUDIO_04_R1_2006_02_Track02_wav.midi | Segments:  296 | Shape: (296, 64, 88)
[ 169/962] ✓ MIDI-Unprocessed_04_R1_2006_01-04_ORIG_MID--AUDIO_04_R1_2006_03_Track03_wav.midi | Segments:  193 | Shape: (193, 64, 88)
[ 170/962] ✓ MIDI-Unprocessed_04_R1_2006_01-04_ORIG_MID--AUDIO_04_R1_2006_04_Track04_wav.midi | Segments:  438 | Shape: (438, 64, 88)
[ 171/962] ✓ MIDI-Unprocessed_04_R1_2008_01-04_ORIG_MID--AUDIO_04_R1_2008_wav--1.midi | Segments:   87 | Shape: (87, 64, 88)
[ 172/962] ✓ MIDI-Unprocessed_04_R1_2008_01-04_ORIG_MID--AUDIO_04_R1_2008_wav--2.midi | Segments:   82 | Shape: (82, 64, 88)
[ 173/962] ✓ MIDI-Unprocessed_04_R1_2009_01-03_ORIG_MID--AUDIO_04_R1_2009_04_R1_2009_02_WAV.midi | Segments:  183 | Shape: (183, 64, 88)
[ 174/962] ✓ MIDI-Unprocessed_04_R1_2009_04-06_ORIG_MID--AUDIO_04_R1_2009_04_R1_2009_05_WAV.midi | Segments:  200 | Shape: (200, 64, 88)
[ 175/962] ✓ MIDI-Unprocessed_04_R1_2009_04-06_ORIG_MID--AUDIO_04_R1_2009_04_R1_2009_06_WAV.midi | Segments:   46 | Shape: (46, 64, 88)
[ 176/962] ✓ MIDI-Unprocessed_04_R1_2011_MID--AUDIO_R1-D2_02_Track02_wav.midi | Segments:   52 | Shape: (52, 64, 88)
[ 177/962] ✓ MIDI-Unprocessed_04_R1_2011_MID--AUDIO_R1-D2_04_Track04_wav.midi | Segments:   33 | Shape: (33, 64, 88)
[ 178/962] ✓ MIDI-Unprocessed_04_R1_2011_MID--AUDIO_R1-D2_06_Track06_wav.midi | Segments:  114 | Shape: (114, 64, 88)
[ 179/962] ✓ MIDI-Unprocessed_04_R2_2008_01-04_ORIG_MID--AUDIO_04_R2_2008_wav--1.midi | Segments:   79 | Shape: (79, 64, 88)
[ 180/962] ✓ MIDI-Unprocessed_04_R2_2008_01-04_ORIG_MID--AUDIO_04_R2_2008_wav--4.midi | Segments:  199 | Shape: (199, 64, 88)
[ 181/962] ✓ MIDI-Unprocessed_04_R2_2011_MID--AUDIO_R2-D2_02_Track02_wav.midi | Segments:  147 | Shape: (147, 64, 88)
[ 182/962] ✓ MIDI-Unprocessed_04_R2_2011_MID--AUDIO_R2-D2_03_Track03_wav.midi | Segments:  134 | Shape: (134, 64, 88)
[ 183/962] ✓ MIDI-Unprocessed_04_R3_2008_01-07_ORIG_MID--AUDIO_04_R3_2008_wav--1.midi | Segments:  161 | Shape: (161, 64, 88)
[ 184/962] ✓ MIDI-Unprocessed_04_R3_2008_01-07_ORIG_MID--AUDIO_04_R3_2008_wav--4.midi | Segments:  123 | Shape: (123, 64, 88)
[ 185/962] ✓ MIDI-Unprocessed_04_R3_2008_01-07_ORIG_MID--AUDIO_04_R3_2008_wav--5.midi | Segments:   57 | Shape: (57, 64, 88)
[ 186/962] ✓ MIDI-Unprocessed_04_R3_2011_MID--AUDIO_R3-D2_03_Track03_wav.midi | Segments:   88 | Shape: (88, 64, 88)
[ 187/962] ✓ MIDI-Unprocessed_04_R3_2011_MID--AUDIO_R3-D2_04_Track04_wav.midi | Segments:  166 | Shape: (166, 64, 88)
[ 188/962] ✓ MIDI-Unprocessed_04_R3_2011_MID--AUDIO_R3-D2_06_Track06_wav.midi | Segments:  200 | Shape: (200, 64, 88)
[ 189/962] ✓ MIDI-Unprocessed_050_PIANO050_MID--AUDIO-split_07-06-17_Piano-e_3-01_wav--2.midi | Segments:   94 | Shape: (94, 64, 88)
[ 190/962] ✓ MIDI-Unprocessed_050_PIANO050_MID--AUDIO-split_07-06-17_Piano-e_3-01_wav--3.midi | Segments:  121 | Shape: (121, 64, 88)
[ 191/962] ✓ MIDI-Unprocessed_050_PIANO050_MID--AUDIO-split_07-06-17_Piano-e_3-01_wav--4.midi | Segments:  115 | Shape: (115, 64, 88)
[ 192/962] ✓ MIDI-Unprocessed_051_PIANO051_MID--AUDIO-split_07-06-17_Piano-e_3-02_wav--1.midi | Segments:   37 | Shape: (37, 64, 88)
[ 193/962] ✓ MIDI-Unprocessed_051_PIANO051_MID--AUDIO-split_07-06-17_Piano-e_3-02_wav--3.midi | Segments:   55 | Shape: (55, 64, 88)
[ 194/962] ✓ MIDI-Unprocessed_051_PIANO051_MID--AUDIO-split_07-06-17_Piano-e_3-02_wav--4.midi | Segments:  160 | Shape: (160, 64, 88)
[ 195/962] ✓ MIDI-Unprocessed_051_PIANO051_MID--AUDIO-split_07-06-17_Piano-e_3-02_wav--5.midi | Segments:   57 | Shape: (57, 64, 88)
[ 196/962] ✓ MIDI-Unprocessed_052_PIANO052_MID--AUDIO-split_07-06-17_Piano-e_3-03_wav--1.midi | Segments:   71 | Shape: (71, 64, 88)
[ 197/962] ✓ MIDI-Unprocessed_052_PIANO052_MID--AUDIO-split_07-06-17_Piano-e_3-03_wav--2.midi | Segments:   60 | Shape: (60, 64, 88)
[ 198/962] ✓ MIDI-Unprocessed_052_PIANO052_MID--AUDIO-split_07-06-17_Piano-e_3-03_wav--5.midi | Segments:  127 | Shape: (127, 64, 88)
[ 199/962] ✓ MIDI-Unprocessed_053_PIANO053_MID--AUDIO-split_07-06-17_Piano-e_3-04_wav--2.midi | Segments:   31 | Shape: (31, 64, 88)
[ 200/962] ✓ MIDI-Unprocessed_053_PIANO053_MID--AUDIO-split_07-06-17_Piano-e_3-04_wav--3.midi | Segments:   95 | Shape: (95, 64, 88)
[ 201/962] ✓ MIDI-Unprocessed_053_PIANO053_MID--AUDIO-split_07-06-17_Piano-e_3-04_wav--4.midi | Segments:  163 | Shape: (163, 64, 88)
[ 202/962] ✓ MIDI-Unprocessed_054_PIANO054_MID--AUDIO-split_07-07-17_Piano-e_1-02_wav--1.midi | Segments:   56 | Shape: (56, 64, 88)
[ 203/962] ✓ MIDI-Unprocessed_054_PIANO054_MID--AUDIO-split_07-07-17_Piano-e_1-02_wav--2.midi | Segments:   85 | Shape: (85, 64, 88)
[ 204/962] ✓ MIDI-Unprocessed_054_PIANO054_MID--AUDIO-split_07-07-17_Piano-e_1-02_wav--3.midi | Segments:   66 | Shape: (66, 64, 88)
[ 205/962] ✓ MIDI-Unprocessed_054_PIANO054_MID--AUDIO-split_07-07-17_Piano-e_1-02_wav--4.midi | Segments:  152 | Shape: (152, 64, 88)
[ 206/962] ✓ MIDI-Unprocessed_055_PIANO055_MID--AUDIO-split_07-07-17_Piano-e_1-04_wav--1.midi | Segments:   86 | Shape: (86, 64, 88)
[ 207/962] ✓ MIDI-Unprocessed_055_PIANO055_MID--AUDIO-split_07-07-17_Piano-e_1-04_wav--2.midi | Segments:   89 | Shape: (89, 64, 88)
[ 208/962] ✓ MIDI-Unprocessed_056_PIANO056_MID--AUDIO-split_07-07-17_Piano-e_1-05_wav--2.midi | Segments:   37 | Shape: (37, 64, 88)
[ 209/962] ✓ MIDI-Unprocessed_056_PIANO056_MID--AUDIO-split_07-07-17_Piano-e_1-05_wav--3.midi | Segments:  125 | Shape: (125, 64, 88)
[ 210/962] ✓ MIDI-Unprocessed_056_PIANO056_MID--AUDIO-split_07-07-17_Piano-e_1-05_wav--4.midi | Segments:  139 | Shape: (139, 64, 88)
[ 211/962] ✓ MIDI-Unprocessed_057_PIANO057_MID--AUDIO-split_07-07-17_Piano-e_1-07_wav--1.midi | Segments:   55 | Shape: (55, 64, 88)
[ 212/962] ✓ MIDI-Unprocessed_057_PIANO057_MID--AUDIO-split_07-07-17_Piano-e_1-07_wav--2.midi | Segments:   96 | Shape: (96, 64, 88)
[ 213/962] ✓ MIDI-Unprocessed_057_PIANO057_MID--AUDIO-split_07-07-17_Piano-e_1-07_wav--4.midi | Segments:   36 | Shape: (36, 64, 88)
[ 214/962] ✓ MIDI-Unprocessed_057_PIANO057_MID--AUDIO-split_07-07-17_Piano-e_1-07_wav--5.midi | Segments:  145 | Shape: (145, 64, 88)
[ 215/962] ✓ MIDI-Unprocessed_058_PIANO058_MID--AUDIO-split_07-07-17_Piano-e_2-02_wav--1.midi | Segments:  128 | Shape: (128, 64, 88)
[ 216/962] ✓ MIDI-Unprocessed_058_PIANO058_MID--AUDIO-split_07-07-17_Piano-e_2-02_wav--5.midi | Segments:   84 | Shape: (84, 64, 88)
[ 217/962] ✓ MIDI-Unprocessed_059_PIANO059_MID--AUDIO-split_07-07-17_Piano-e_2-03_wav--1.midi | Segments:   48 | Shape: (48, 64, 88)
[ 218/962] ✓ MIDI-Unprocessed_059_PIANO059_MID--AUDIO-split_07-07-17_Piano-e_2-03_wav--2.midi | Segments:  120 | Shape: (120, 64, 88)
[ 219/962] ✓ MIDI-Unprocessed_059_PIANO059_MID--AUDIO-split_07-07-17_Piano-e_2-03_wav--3.midi | Segments:   29 | Shape: (29, 64, 88)
[ 220/962] ✓ MIDI-Unprocessed_05_R1_2006_01-05_ORIG_MID--AUDIO_05_R1_2006_01_Track01_wav.midi | Segments:  117 | Shape: (117, 64, 88)
[ 221/962] ✓ MIDI-Unprocessed_05_R1_2006_01-05_ORIG_MID--AUDIO_05_R1_2006_02_Track02_wav.midi | Segments:  183 | Shape: (183, 64, 88)
[ 222/962] ✓ MIDI-Unprocessed_05_R1_2006_01-05_ORIG_MID--AUDIO_05_R1_2006_03_Track03_wav.midi | Segments:  311 | Shape: (311, 64, 88)
[ 223/962] ✓ MIDI-Unprocessed_05_R1_2009_01-02_ORIG_MID--AUDIO_05_R1_2009_05_R1_2009_01_WAV.midi | Segments:  198 | Shape: (198, 64, 88)
[ 224/962] ✓ MIDI-Unprocessed_05_R1_2009_01-02_ORIG_MID--AUDIO_05_R1_2009_05_R1_2009_02_WAV.midi | Segments:  225 | Shape: (225, 64, 88)
[ 225/962] ✓ MIDI-Unprocessed_05_R1_2009_03-05_ORIG_MID--AUDIO_05_R1_2009_05_R1_2009_03_WAV.midi | Segments:  473 | Shape: (473, 64, 88)
[ 226/962] ✓ MIDI-Unprocessed_05_R1_2011_MID--AUDIO_R1-D2_08_Track08_wav.midi | Segments:   28 | Shape: (28, 64, 88)
[ 227/962] ✓ MIDI-Unprocessed_05_R1_2011_MID--AUDIO_R1-D2_09_Track09_wav.midi | Segments:   48 | Shape: (48, 64, 88)
[ 228/962] ✓ MIDI-Unprocessed_05_R1_2011_MID--AUDIO_R1-D2_11_Track11_wav.midi | Segments:   65 | Shape: (65, 64, 88)
[ 229/962] ✓ MIDI-Unprocessed_05_R2_2006_01_ORIG_MID--AUDIO_05_R2_2006_01_Track01_wav.midi | Segments:  194 | Shape: (194, 64, 88)
[ 230/962] ✓ MIDI-Unprocessed_05_R2_2006_01_ORIG_MID--AUDIO_05_R2_2006_02_Track02_wav.midi | Segments:  117 | Shape: (117, 64, 88)
[ 231/962] ✓ MIDI-Unprocessed_05_R2_2006_01_ORIG_MID--AUDIO_05_R2_2006_03_Track03_wav.midi | Segments:  177 | Shape: (177, 64, 88)
[ 232/962] ✓ MIDI-Unprocessed_060_PIANO060_MID--AUDIO-split_07-07-17_Piano-e_2-04_wav--1.midi | Segments:   34 | Shape: (34, 64, 88)
[ 233/962] ✓ MIDI-Unprocessed_060_PIANO060_MID--AUDIO-split_07-07-17_Piano-e_2-04_wav--2.midi | Segments:   41 | Shape: (41, 64, 88)
[ 234/962] ✓ MIDI-Unprocessed_060_PIANO060_MID--AUDIO-split_07-07-17_Piano-e_2-04_wav--4.midi | Segments:   81 | Shape: (81, 64, 88)
[ 235/962] ✓ MIDI-Unprocessed_060_PIANO060_MID--AUDIO-split_07-07-17_Piano-e_2-04_wav--5.midi | Segments:  132 | Shape: (132, 64, 88)
[ 236/962] ✓ MIDI-Unprocessed_061_PIANO061_MID--AUDIO-split_07-07-17_Piano-e_2-05_wav--1.midi | Segments:   61 | Shape: (61, 64, 88)
[ 237/962] ✓ MIDI-Unprocessed_061_PIANO061_MID--AUDIO-split_07-07-17_Piano-e_2-05_wav--2.midi | Segments:   83 | Shape: (83, 64, 88)
[ 238/962] ✓ MIDI-Unprocessed_062_PIANO062_MID--AUDIO-split_07-07-17_Piano-e_2-07_wav--1.midi | Segments:  122 | Shape: (122, 64, 88)
[ 239/962] ✓ MIDI-Unprocessed_062_PIANO062_MID--AUDIO-split_07-07-17_Piano-e_2-07_wav--2.midi | Segments:   54 | Shape: (54, 64, 88)
[ 240/962] ✓ MIDI-Unprocessed_062_PIANO062_MID--AUDIO-split_07-07-17_Piano-e_2-07_wav--4.midi | Segments:  144 | Shape: (144, 64, 88)
[ 241/962] ✓ MIDI-Unprocessed_066_PIANO066_MID--AUDIO-split_07-07-17_Piano-e_3-02_wav--1.midi | Segments:   75 | Shape: (75, 64, 88)
[ 242/962] ✓ MIDI-Unprocessed_066_PIANO066_MID--AUDIO-split_07-07-17_Piano-e_3-02_wav--3.midi | Segments:  116 | Shape: (116, 64, 88)
[ 243/962] ✓ MIDI-Unprocessed_066_PIANO066_MID--AUDIO-split_07-07-17_Piano-e_3-02_wav--4.midi | Segments:   71 | Shape: (71, 64, 88)
[ 244/962] ✓ MIDI-Unprocessed_067_PIANO067_MID--AUDIO-split_07-07-17_Piano-e_3-03_wav--1.midi | Segments:   77 | Shape: (77, 64, 88)
[ 245/962] ✓ MIDI-Unprocessed_067_PIANO067_MID--AUDIO-split_07-07-17_Piano-e_3-03_wav--2.midi | Segments:   72 | Shape: (72, 64, 88)
[ 246/962] ✓ MIDI-Unprocessed_067_PIANO067_MID--AUDIO-split_07-07-17_Piano-e_3-03_wav--3.midi | Segments:   28 | Shape: (28, 64, 88)
[ 247/962] ✓ MIDI-Unprocessed_067_PIANO067_MID--AUDIO-split_07-07-17_Piano-e_3-03_wav--4.midi | Segments:  105 | Shape: (105, 64, 88)
[ 248/962] ✓ MIDI-Unprocessed_06_R1_2006_01-04_ORIG_MID--AUDIO_06_R1_2006_01_Track01_wav.midi | Segments:  225 | Shape: (225, 64, 88)
[ 249/962] ✓ MIDI-Unprocessed_06_R1_2006_01-04_ORIG_MID--AUDIO_06_R1_2006_03_Track03_wav.midi | Segments:  436 | Shape: (436, 64, 88)
[ 250/962] ✓ MIDI-Unprocessed_06_R1_2006_01-04_ORIG_MID--AUDIO_06_R1_2006_04_Track04_wav.midi | Segments:  341 | Shape: (341, 64, 88)
[ 251/962] ✓ MIDI-Unprocessed_06_R1_2008_01-04_ORIG_MID--AUDIO_06_R1_2008_wav--1.midi | Segments:   55 | Shape: (55, 64, 88)
[ 252/962] ✓ MIDI-Unprocessed_06_R1_2008_01-04_ORIG_MID--AUDIO_06_R1_2008_wav--4.midi | Segments:   73 | Shape: (73, 64, 88)
[ 253/962] ✓ MIDI-Unprocessed_06_R1_2009_01-02_ORIG_MID--AUDIO_06_R1_2009_06_R1_2009_02_WAV.midi | Segments:  401 | Shape: (401, 64, 88)
[ 254/962] ✓ MIDI-Unprocessed_06_R1_2009_03-07_ORIG_MID--AUDIO_06_R1_2009_06_R1_2009_03_WAV.midi | Segments:   32 | Shape: (32, 64, 88)
[ 255/962] ✓ MIDI-Unprocessed_06_R1_2009_03-07_ORIG_MID--AUDIO_06_R1_2009_06_R1_2009_04_WAV.midi | Segments:   31 | Shape: (31, 64, 88)
[ 256/962] ✓ MIDI-Unprocessed_06_R1_2009_03-07_ORIG_MID--AUDIO_06_R1_2009_06_R1_2009_07_WAV.midi | Segments:  141 | Shape: (141, 64, 88)
[ 257/962] ✓ MIDI-Unprocessed_06_R1_2011_MID--AUDIO_R1-D2_14_Track14_wav.midi | Segments:   60 | Shape: (60, 64, 88)
[ 258/962] ✓ MIDI-Unprocessed_06_R1_2011_MID--AUDIO_R1-D2_15_Track15_wav.midi | Segments:   69 | Shape: (69, 64, 88)
[ 259/962] ✓ MIDI-Unprocessed_06_R1_2011_MID--AUDIO_R1-D2_16_Track16_wav.midi | Segments:   28 | Shape: (28, 64, 88)
[ 260/962] ✓ MIDI-Unprocessed_06_R1_2011_MID--AUDIO_R1-D2_17_Track17_wav.midi | Segments:  190 | Shape: (190, 64, 88)
[ 261/962] ✓ MIDI-Unprocessed_06_R2_2008_01-05_ORIG_MID--AUDIO_06_R2_2008_wav--1.midi | Segments:   43 | Shape: (43, 64, 88)
[ 262/962] ✓ MIDI-Unprocessed_06_R2_2008_01-05_ORIG_MID--AUDIO_06_R2_2008_wav--3.midi | Segments:  146 | Shape: (146, 64, 88)
[ 263/962] ✓ MIDI-Unprocessed_06_R2_2008_01-05_ORIG_MID--AUDIO_06_R2_2008_wav--4.midi | Segments:   71 | Shape: (71, 64, 88)
[ 264/962] ✓ MIDI-Unprocessed_06_R2_2008_01-05_ORIG_MID--AUDIO_06_R2_2008_wav--5.midi | Segments:   55 | Shape: (55, 64, 88)
[ 265/962] ✓ MIDI-Unprocessed_06_R2_2011_MID--AUDIO_R2-D2_06_Track06_wav.midi | Segments:  131 | Shape: (131, 64, 88)
[ 266/962] ✓ MIDI-Unprocessed_06_R2_2011_MID--AUDIO_R2-D2_07_Track07_wav.midi | Segments:   54 | Shape: (54, 64, 88)
[ 267/962] ✓ MIDI-Unprocessed_06_R3_2011_MID--AUDIO_R3-D3_02_Track02_wav.midi | Segments:  161 | Shape: (161, 64, 88)
[ 268/962] ✓ MIDI-Unprocessed_06_R3_2011_MID--AUDIO_R3-D3_06_Track06_wav.midi | Segments:  122 | Shape: (122, 64, 88)
[ 269/962] ✓ MIDI-Unprocessed_070_PIANO070_MID--AUDIO-split_07-08-17_Piano-e_1-02_wav--1.midi | Segments:   71 | Shape: (71, 64, 88)
[ 270/962] ✓ MIDI-Unprocessed_070_PIANO070_MID--AUDIO-split_07-08-17_Piano-e_1-02_wav--2.midi | Segments:   19 | Shape: (19, 64, 88)
[ 271/962] ✓ MIDI-Unprocessed_070_PIANO070_MID--AUDIO-split_07-08-17_Piano-e_1-02_wav--3.midi | Segments:  181 | Shape: (181, 64, 88)
[ 272/962] ✓ MIDI-Unprocessed_071_PIANO071_MID--AUDIO-split_07-08-17_Piano-e_1-04_wav--1.midi | Segments:  151 | Shape: (151, 64, 88)
[ 273/962] ✓ MIDI-Unprocessed_071_PIANO071_MID--AUDIO-split_07-08-17_Piano-e_1-04_wav--3.midi | Segments:  207 | Shape: (207, 64, 88)
[ 274/962] ✓ MIDI-Unprocessed_071_PIANO071_MID--AUDIO-split_07-08-17_Piano-e_1-04_wav--4.midi | Segments:   86 | Shape: (86, 64, 88)
[ 275/962] ✓ MIDI-Unprocessed_072_PIANO072_MID--AUDIO-split_07-08-17_Piano-e_1-06_wav--1.midi | Segments:  167 | Shape: (167, 64, 88)
[ 276/962] ✓ MIDI-Unprocessed_072_PIANO072_MID--AUDIO-split_07-08-17_Piano-e_1-06_wav--4.midi | Segments:  137 | Shape: (137, 64, 88)
[ 277/962] ✓ MIDI-Unprocessed_073_PIANO073_MID--AUDIO-split_07-08-17_Piano-e_2-02_wav--1.midi | Segments:  166 | Shape: (166, 64, 88)
[ 278/962] ✓ MIDI-Unprocessed_073_PIANO073_MID--AUDIO-split_07-08-17_Piano-e_2-02_wav--2.midi | Segments:   92 | Shape: (92, 64, 88)
[ 279/962] ✓ MIDI-Unprocessed_074_PIANO074_MID--AUDIO-split_07-08-17_Piano-e_2-04_wav--1.midi | Segments:  178 | Shape: (178, 64, 88)
[ 280/962] ✓ MIDI-Unprocessed_074_PIANO074_MID--AUDIO-split_07-08-17_Piano-e_2-04_wav--2.midi | Segments:  170 | Shape: (170, 64, 88)
[ 281/962] ✓ MIDI-Unprocessed_074_PIANO074_MID--AUDIO-split_07-08-17_Piano-e_2-04_wav--3.midi | Segments:  245 | Shape: (245, 64, 88)
[ 282/962] ✓ MIDI-Unprocessed_075_PIANO075_MID--AUDIO-split_07-08-17_Piano-e_2-06_wav--1.midi | Segments:  145 | Shape: (145, 64, 88)
[ 283/962] ✓ MIDI-Unprocessed_075_PIANO075_MID--AUDIO-split_07-08-17_Piano-e_2-06_wav--2.midi | Segments:  152 | Shape: (152, 64, 88)
[ 284/962] ✓ MIDI-Unprocessed_078_PIANO078_MID--AUDIO-split_07-09-17_Piano-e_1-02_wav--1.midi | Segments:  149 | Shape: (149, 64, 88)
[ 285/962] ✓ MIDI-Unprocessed_078_PIANO078_MID--AUDIO-split_07-09-17_Piano-e_1-02_wav--3.midi | Segments:  167 | Shape: (167, 64, 88)
[ 286/962] ✓ MIDI-Unprocessed_079_PIANO079_MID--AUDIO-split_07-09-17_Piano-e_1-04_wav--1.midi | Segments:  113 | Shape: (113, 64, 88)
[ 287/962] ✓ MIDI-Unprocessed_079_PIANO079_MID--AUDIO-split_07-09-17_Piano-e_1-04_wav--2.midi | Segments:  139 | Shape: (139, 64, 88)
[ 288/962] ✓ MIDI-Unprocessed_079_PIANO079_MID--AUDIO-split_07-09-17_Piano-e_1-04_wav--3.midi | Segments:  169 | Shape: (169, 64, 88)
[ 289/962] ✓ MIDI-Unprocessed_079_PIANO079_MID--AUDIO-split_07-09-17_Piano-e_1-04_wav--4.midi | Segments:  165 | Shape: (165, 64, 88)
[ 290/962] ✓ MIDI-Unprocessed_07_R1_2006_01-04_ORIG_MID--AUDIO_07_R1_2006_01_Track01_wav.midi | Segments:  209 | Shape: (209, 64, 88)
[ 291/962] ✓ MIDI-Unprocessed_07_R1_2006_01-04_ORIG_MID--AUDIO_07_R1_2006_02_Track02_wav.midi | Segments:  172 | Shape: (172, 64, 88)
[ 292/962] ✓ MIDI-Unprocessed_07_R1_2006_01-04_ORIG_MID--AUDIO_07_R1_2006_03_Track03_wav.midi | Segments:  360 | Shape: (360, 64, 88)
[ 293/962] ✓ MIDI-Unprocessed_07_R1_2008_01-04_ORIG_MID--AUDIO_07_R1_2008_wav--1.midi | Segments:   54 | Shape: (54, 64, 88)
[ 294/962] ✓ MIDI-Unprocessed_07_R1_2008_01-04_ORIG_MID--AUDIO_07_R1_2008_wav--4.midi | Segments:  150 | Shape: (150, 64, 88)
[ 295/962] ✓ MIDI-Unprocessed_07_R1_2009_04-05_ORIG_MID--AUDIO_07_R1_2009_07_R1_2009_05_WAV.midi | Segments:  292 | Shape: (292, 64, 88)
[ 296/962] ✓ MIDI-Unprocessed_07_R1_2011_MID--AUDIO_R1-D3_04_Track04_wav.midi | Segments:   48 | Shape: (48, 64, 88)
[ 297/962] ✓ MIDI-Unprocessed_07_R2_2006_01_ORIG_MID--AUDIO_07_R2_2006_01_Track01_wav.midi | Segments:  167 | Shape: (167, 64, 88)
[ 298/962] ✓ MIDI-Unprocessed_07_R2_2006_01_ORIG_MID--AUDIO_07_R2_2006_02_Track02_wav.midi | Segments:  105 | Shape: (105, 64, 88)
[ 299/962] ✓ MIDI-Unprocessed_07_R2_2006_01_ORIG_MID--AUDIO_07_R2_2006_03_Track03_wav.midi | Segments:   68 | Shape: (68, 64, 88)
[ 300/962] ✓ MIDI-Unprocessed_07_R2_2006_01_ORIG_MID--AUDIO_07_R2_2006_04_Track04_wav.midi | Segments:  162 | Shape: (162, 64, 88)
[ 301/962] ✓ MIDI-Unprocessed_07_R2_2008_01-05_ORIG_MID--AUDIO_07_R2_2008_wav--1.midi | Segments:   94 | Shape: (94, 64, 88)
[ 302/962] ✓ MIDI-Unprocessed_07_R2_2008_01-05_ORIG_MID--AUDIO_07_R2_2008_wav--4.midi | Segments:  104 | Shape: (104, 64, 88)
[ 303/962] ✓ MIDI-Unprocessed_07_R2_2009_01_ORIG_MID--AUDIO_07_R2_2009_07_R2_2009_01_WAV.midi | Segments:  120 | Shape: (120, 64, 88)
[ 304/962] ✓ MIDI-Unprocessed_07_R2_2009_01_ORIG_MID--AUDIO_07_R2_2009_07_R2_2009_02_WAV.midi | Segments:  118 | Shape: (118, 64, 88)
[ 305/962] ✓ MIDI-Unprocessed_07_R2_2009_01_ORIG_MID--AUDIO_07_R2_2009_07_R2_2009_03_WAV.midi | Segments:   41 | Shape: (41, 64, 88)
[ 306/962] ✓ MIDI-Unprocessed_07_R2_2009_01_ORIG_MID--AUDIO_07_R2_2009_07_R2_2009_04_WAV.midi | Segments:  130 | Shape: (130, 64, 88)
[ 307/962] ✓ MIDI-Unprocessed_07_R3_2008_01-05_ORIG_MID--AUDIO_07_R3_2008_wav--1.midi | Segments:   59 | Shape: (59, 64, 88)
[ 308/962] ✓ MIDI-Unprocessed_07_R3_2008_01-05_ORIG_MID--AUDIO_07_R3_2008_wav--2.midi | Segments:  172 | Shape: (172, 64, 88)
[ 309/962] ✓ MIDI-Unprocessed_07_R3_2008_01-05_ORIG_MID--AUDIO_07_R3_2008_wav--3.midi | Segments:   42 | Shape: (42, 64, 88)
[ 310/962] ✓ MIDI-Unprocessed_07_R3_2008_01-05_ORIG_MID--AUDIO_07_R3_2008_wav--4.midi | Segments:   53 | Shape: (53, 64, 88)
[ 311/962] ✓ MIDI-Unprocessed_080_PIANO080_MID--AUDIO-split_07-09-17_Piano-e_1-06_wav--1.midi | Segments:  138 | Shape: (138, 64, 88)
[ 312/962] ✓ MIDI-Unprocessed_080_PIANO080_MID--AUDIO-split_07-09-17_Piano-e_1-06_wav--2.midi | Segments:  157 | Shape: (157, 64, 88)
[ 313/962] ✓ MIDI-Unprocessed_081_PIANO081_MID--AUDIO-split_07-09-17_Piano-e_2_-02_wav--1.midi | Segments:  156 | Shape: (156, 64, 88)
[ 314/962] ✓ MIDI-Unprocessed_081_PIANO081_MID--AUDIO-split_07-09-17_Piano-e_2_-02_wav--3.midi | Segments:  141 | Shape: (141, 64, 88)
[ 315/962] ✓ MIDI-Unprocessed_081_PIANO081_MID--AUDIO-split_07-09-17_Piano-e_2_-02_wav--4.midi | Segments:   96 | Shape: (96, 64, 88)
[ 316/962] ✓ MIDI-Unprocessed_082_PIANO082_MID--AUDIO-split_07-09-17_Piano-e_2_-04_wav--1.midi | Segments:  149 | Shape: (149, 64, 88)
[ 317/962] ✓ MIDI-Unprocessed_082_PIANO082_MID--AUDIO-split_07-09-17_Piano-e_2_-04_wav--2.midi | Segments:  206 | Shape: (206, 64, 88)
[ 318/962] ✓ MIDI-Unprocessed_082_PIANO082_MID--AUDIO-split_07-09-17_Piano-e_2_-04_wav--3.midi | Segments:   82 | Shape: (82, 64, 88)
[ 319/962] ✓ MIDI-Unprocessed_083_PIANO083_MID--AUDIO-split_07-09-17_Piano-e_2_-06_wav--2.midi | Segments:   24 | Shape: (24, 64, 88)
[ 320/962] ✓ MIDI-Unprocessed_083_PIANO083_MID--AUDIO-split_07-09-17_Piano-e_2_-06_wav--4.midi | Segments:  158 | Shape: (158, 64, 88)
[ 321/962] ✓ MIDI-Unprocessed_08_R1_2006_01-04_ORIG_MID--AUDIO_08_R1_2006_Disk1_01_Track01_wav.midi | Segments:  139 | Shape: (139, 64, 88)
[ 322/962] ✓ MIDI-Unprocessed_08_R1_2006_01-04_ORIG_MID--AUDIO_08_R1_2006_Disk1_03_Track03_wav.midi | Segments:  394 | Shape: (394, 64, 88)
[ 323/962] ✓ MIDI-Unprocessed_08_R1_2008_01-05_ORIG_MID--AUDIO_08_R1_2008_wav--1.midi | Segments:   42 | Shape: (42, 64, 88)
[ 324/962] ✓ MIDI-Unprocessed_08_R1_2008_01-05_ORIG_MID--AUDIO_08_R1_2008_wav--4.midi | Segments:  161 | Shape: (161, 64, 88)
[ 325/962] ✓ MIDI-Unprocessed_08_R1_2008_01-05_ORIG_MID--AUDIO_08_R1_2008_wav--5.midi | Segments:   16 | Shape: (16, 64, 88)
[ 326/962] ✓ MIDI-Unprocessed_08_R1_2009_01-04_ORIG_MID--AUDIO_08_R1_2009_08_R1_2009_01_WAV.midi | Segments:  168 | Shape: (168, 64, 88)
[ 327/962] ✓ MIDI-Unprocessed_08_R1_2009_05-06_ORIG_MID--AUDIO_08_R1_2009_08_R1_2009_06_WAV.midi | Segments:  306 | Shape: (306, 64, 88)
[ 328/962] ✓ MIDI-Unprocessed_08_R1_2011_MID--AUDIO_R1-D3_07_Track07_wav.midi | Segments:   50 | Shape: (50, 64, 88)
[ 329/962] ✓ MIDI-Unprocessed_08_R1_2011_MID--AUDIO_R1-D3_08_Track08_wav.midi | Segments:   99 | Shape: (99, 64, 88)
[ 330/962] ✓ MIDI-Unprocessed_08_R1_2011_MID--AUDIO_R1-D3_09_Track09_wav.midi | Segments:  123 | Shape: (123, 64, 88)
[ 331/962] ✓ MIDI-Unprocessed_08_R1_2011_MID--AUDIO_R1-D3_10_Track10_wav.midi | Segments:   94 | Shape: (94, 64, 88)
[ 332/962] ✓ MIDI-Unprocessed_08_R2_2006_01_ORIG_MID--AUDIO_08_R2_2006_01_Track01_wav.midi | Segments:  169 | Shape: (169, 64, 88)
[ 333/962] ✓ MIDI-Unprocessed_08_R2_2006_01_ORIG_MID--AUDIO_08_R2_2006_02_Track02_wav.midi | Segments:  106 | Shape: (106, 64, 88)
[ 334/962] ✓ MIDI-Unprocessed_08_R2_2006_01_ORIG_MID--AUDIO_08_R2_2006_03_Track03_wav.midi | Segments:  211 | Shape: (211, 64, 88)
[ 335/962] ✓ MIDI-Unprocessed_08_R2_2008_01-04_ORIG_MID--AUDIO_08_R2_2008_wav--1.midi | Segments:  155 | Shape: (155, 64, 88)
[ 336/962] ✓ MIDI-Unprocessed_08_R2_2008_01-04_ORIG_MID--AUDIO_08_R2_2008_wav--2.midi | Segments:   91 | Shape: (91, 64, 88)
[ 337/962] ✓ MIDI-Unprocessed_08_R2_2008_01-04_ORIG_MID--AUDIO_08_R2_2008_wav--4.midi | Segments:   65 | Shape: (65, 64, 88)
[ 338/962] ✓ MIDI-Unprocessed_08_R2_2009_01_ORIG_MID--AUDIO_08_R2_2009_08_R2_2009_01_WAV.midi | Segments:  193 | Shape: (193, 64, 88)
[ 339/962] ✓ MIDI-Unprocessed_08_R2_2009_01_ORIG_MID--AUDIO_08_R2_2009_08_R2_2009_02_WAV.midi | Segments:  102 | Shape: (102, 64, 88)
[ 340/962] ✓ MIDI-Unprocessed_08_R2_2009_01_ORIG_MID--AUDIO_08_R2_2009_08_R2_2009_03_WAV.midi | Segments:   57 | Shape: (57, 64, 88)
[ 341/962] ✓ MIDI-Unprocessed_08_R2_2009_01_ORIG_MID--AUDIO_08_R2_2009_08_R2_2009_04_WAV.midi | Segments:  128 | Shape: (128, 64, 88)
[ 342/962] ✓ MIDI-Unprocessed_08_R3_2008_01-05_ORIG_MID--AUDIO_08_R3_2008_wav--1.midi | Segments:  119 | Shape: (119, 64, 88)
[ 343/962] ✓ MIDI-Unprocessed_08_R3_2008_01-05_ORIG_MID--AUDIO_08_R3_2008_wav--2.midi | Segments:  187 | Shape: (187, 64, 88)
[ 344/962] ✓ MIDI-Unprocessed_08_R3_2008_01-05_ORIG_MID--AUDIO_08_R3_2008_wav--3.midi | Segments:  160 | Shape: (160, 64, 88)
[ 345/962] ✓ MIDI-Unprocessed_09_R1_2006_01-04_ORIG_MID--AUDIO_09_R1_2006_02_Track02_wav.midi | Segments:  251 | Shape: (251, 64, 88)
[ 346/962] ✓ MIDI-Unprocessed_09_R1_2006_01-04_ORIG_MID--AUDIO_09_R1_2006_04_Track04_wav.midi | Segments:  244 | Shape: (244, 64, 88)
[ 347/962] ✓ MIDI-Unprocessed_09_R1_2008_01-05_ORIG_MID--AUDIO_09_R1_2008_wav--1.midi | Segments:   56 | Shape: (56, 64, 88)
[ 348/962] ✓ MIDI-Unprocessed_09_R1_2008_01-05_ORIG_MID--AUDIO_09_R1_2008_wav--3.midi | Segments:   68 | Shape: (68, 64, 88)
[ 349/962] ✓ MIDI-Unprocessed_09_R1_2008_01-05_ORIG_MID--AUDIO_09_R1_2008_wav--5.midi | Segments:   91 | Shape: (91, 64, 88)
[ 350/962] ✓ MIDI-Unprocessed_09_R1_2009_01-04_ORIG_MID--AUDIO_09_R1_2009_09_R1_2009_01_WAV.midi | Segments:   58 | Shape: (58, 64, 88)
[ 351/962] ✓ MIDI-Unprocessed_09_R1_2009_01-04_ORIG_MID--AUDIO_09_R1_2009_09_R1_2009_02_WAV.midi | Segments:   41 | Shape: (41, 64, 88)
[ 352/962] ✓ MIDI-Unprocessed_09_R1_2009_01-04_ORIG_MID--AUDIO_09_R1_2009_09_R1_2009_04_WAV.midi | Segments:  176 | Shape: (176, 64, 88)
[ 353/962] ✓ MIDI-Unprocessed_09_R1_2011_MID--AUDIO_R1-D3_12_Track12_wav.midi | Segments:   86 | Shape: (86, 64, 88)
[ 354/962] ✓ MIDI-Unprocessed_09_R1_2011_MID--AUDIO_R1-D3_14_Track14_wav.midi | Segments:   34 | Shape: (34, 64, 88)
[ 355/962] ✓ MIDI-Unprocessed_09_R1_2011_MID--AUDIO_R1-D3_15_Track15_wav.midi | Segments:  119 | Shape: (119, 64, 88)
[ 356/962] ✓ MIDI-Unprocessed_09_R2_2006_01_ORIG_MID--AUDIO_09_R2_2006_01_Track01_wav.midi | Segments:  233 | Shape: (233, 64, 88)
[ 357/962] ✓ MIDI-Unprocessed_09_R2_2006_01_ORIG_MID--AUDIO_09_R2_2006_02_Track02_wav.midi | Segments:  147 | Shape: (147, 64, 88)
[ 358/962] ✓ MIDI-Unprocessed_09_R2_2006_01_ORIG_MID--AUDIO_09_R2_2006_03_Track03_wav.midi | Segments:  193 | Shape: (193, 64, 88)
[ 359/962] ✓ MIDI-Unprocessed_09_R2_2008_01-05_ORIG_MID--AUDIO_09_R2_2008_wav--1.midi | Segments:   66 | Shape: (66, 64, 88)
[ 360/962] ✓ MIDI-Unprocessed_09_R2_2008_01-05_ORIG_MID--AUDIO_09_R2_2008_wav--2.midi | Segments:   46 | Shape: (46, 64, 88)
[ 361/962] ✓ MIDI-Unprocessed_09_R2_2009_01_ORIG_MID--AUDIO_09_R2_2009_09_R2_2009_01_WAV.midi | Segments:  115 | Shape: (115, 64, 88)
[ 362/962] ✓ MIDI-Unprocessed_09_R2_2009_01_ORIG_MID--AUDIO_09_R2_2009_09_R2_2009_02_WAV.midi | Segments:   99 | Shape: (99, 64, 88)
[ 363/962] ✓ MIDI-Unprocessed_09_R2_2009_01_ORIG_MID--AUDIO_09_R2_2009_09_R2_2009_03_WAV.midi | Segments:   70 | Shape: (70, 64, 88)
[ 364/962] ✓ MIDI-Unprocessed_09_R2_2009_01_ORIG_MID--AUDIO_09_R2_2009_09_R2_2009_04_WAV.midi | Segments:   73 | Shape: (73, 64, 88)
[ 365/962] ✓ MIDI-Unprocessed_09_R2_2011_MID--AUDIO_R2-D3_03_Track03_wav.midi | Segments:   94 | Shape: (94, 64, 88)
[ 366/962] ✓ MIDI-Unprocessed_09_R2_2011_MID--AUDIO_R2-D3_04_Track04_wav.midi | Segments:   80 | Shape: (80, 64, 88)
[ 367/962] ✓ MIDI-Unprocessed_09_R3_2008_01-07_ORIG_MID--AUDIO_09_R3_2008_wav--3.midi | Segments:   30 | Shape: (30, 64, 88)
[ 368/962] ✓ MIDI-Unprocessed_09_R3_2008_01-07_ORIG_MID--AUDIO_09_R3_2008_wav--4.midi | Segments:  163 | Shape: (163, 64, 88)
[ 369/962] ✓ MIDI-Unprocessed_09_R3_2008_01-07_ORIG_MID--AUDIO_09_R3_2008_wav--5.midi | Segments:  157 | Shape: (157, 64, 88)
[ 370/962] ✓ MIDI-Unprocessed_10_R1_2006_01-04_ORIG_MID--AUDIO_10_R1_2006_02_Track02_wav.midi | Segments:  351 | Shape: (351, 64, 88)
[ 371/962] ✓ MIDI-Unprocessed_10_R1_2006_01-04_ORIG_MID--AUDIO_10_R1_2006_05_Track05_wav.midi | Segments:  228 | Shape: (228, 64, 88)
[ 372/962] ✓ MIDI-Unprocessed_10_R1_2008_01-04_ORIG_MID--AUDIO_10_R1_2008_wav--1.midi | Segments:   48 | Shape: (48, 64, 88)
[ 373/962] ✓ MIDI-Unprocessed_10_R1_2008_01-04_ORIG_MID--AUDIO_10_R1_2008_wav--3.midi | Segments:  137 | Shape: (137, 64, 88)
[ 374/962] ✓ MIDI-Unprocessed_10_R1_2008_01-04_ORIG_MID--AUDIO_10_R1_2008_wav--4.midi | Segments:   66 | Shape: (66, 64, 88)
[ 375/962] ✓ MIDI-Unprocessed_10_R1_2009_01-02_ORIG_MID--AUDIO_10_R1_2009_10_R1_2009_01_WAV.midi | Segments:  321 | Shape: (321, 64, 88)
[ 376/962] ✓ MIDI-Unprocessed_10_R1_2009_01-02_ORIG_MID--AUDIO_10_R1_2009_10_R1_2009_02_WAV.midi | Segments:  284 | Shape: (284, 64, 88)
[ 377/962] ✓ MIDI-Unprocessed_10_R1_2009_03-05_ORIG_MID--AUDIO_10_R1_2009_10_R1_2009_03_WAV.midi | Segments:  139 | Shape: (139, 64, 88)
[ 378/962] ✓ MIDI-Unprocessed_10_R1_2009_03-05_ORIG_MID--AUDIO_10_R1_2009_10_R1_2009_04_WAV.midi | Segments:  224 | Shape: (224, 64, 88)
[ 379/962] ✓ MIDI-Unprocessed_10_R1_2011_MID--AUDIO_R1-D4_02_Track02_wav.midi | Segments:  115 | Shape: (115, 64, 88)
[ 380/962] ✓ MIDI-Unprocessed_10_R1_2011_MID--AUDIO_R1-D4_04_Track04_wav.midi | Segments:   61 | Shape: (61, 64, 88)
[ 381/962] ✓ MIDI-Unprocessed_10_R2_2008_01-05_ORIG_MID--AUDIO_10_R2_2008_wav--3.midi | Segments:  133 | Shape: (133, 64, 88)
[ 382/962] ✓ MIDI-Unprocessed_10_R2_2009_01_ORIG_MID--AUDIO_10_R2_2009_10_R2_2009_01_WAV.midi | Segments:  237 | Shape: (237, 64, 88)
[ 383/962] ✓ MIDI-Unprocessed_10_R2_2009_01_ORIG_MID--AUDIO_10_R2_2009_10_R2_2009_02_WAV.midi | Segments:  168 | Shape: (168, 64, 88)
[ 384/962] ✓ MIDI-Unprocessed_10_R2_2009_01_ORIG_MID--AUDIO_10_R2_2009_10_R2_2009_03_WAV.midi | Segments:   55 | Shape: (55, 64, 88)
[ 385/962] ✓ MIDI-Unprocessed_10_R2_2009_01_ORIG_MID--AUDIO_10_R2_2009_10_R2_2009_04_WAV.midi | Segments:  129 | Shape: (129, 64, 88)
[ 386/962] ✓ MIDI-Unprocessed_10_R2_2011_MID--AUDIO_R2-D3_10_Track10_wav.midi | Segments:  174 | Shape: (174, 64, 88)
[ 387/962] ✓ MIDI-Unprocessed_10_R2_2011_MID--AUDIO_R2-D3_11_Track11_wav.midi | Segments:  106 | Shape: (106, 64, 88)
[ 388/962] ✓ MIDI-Unprocessed_10_R3_2008_01-05_ORIG_MID--AUDIO_10_R3_2008_wav--1.midi | Segments:  162 | Shape: (162, 64, 88)
[ 389/962] ✓ MIDI-Unprocessed_10_R3_2008_01-05_ORIG_MID--AUDIO_10_R3_2008_wav--2.midi | Segments:   45 | Shape: (45, 64, 88)
[ 390/962] ✓ MIDI-Unprocessed_10_R3_2008_01-05_ORIG_MID--AUDIO_10_R3_2008_wav--3.midi | Segments:   48 | Shape: (48, 64, 88)
[ 391/962] ✓ MIDI-Unprocessed_10_R3_2008_01-05_ORIG_MID--AUDIO_10_R3_2008_wav--4.midi | Segments:   60 | Shape: (60, 64, 88)
[ 392/962] ✓ MIDI-Unprocessed_10_R3_2008_01-05_ORIG_MID--AUDIO_10_R3_2008_wav--5.midi | Segments:  202 | Shape: (202, 64, 88)
[ 393/962] ✓ MIDI-Unprocessed_11_R1_2006_01-06_ORIG_MID--AUDIO_11_R1_2006_01_Track01_wav.midi | Segments:   83 | Shape: (83, 64, 88)
[ 394/962] ✓ MIDI-Unprocessed_11_R1_2006_01-06_ORIG_MID--AUDIO_11_R1_2006_02_Track02_wav.midi | Segments:  277 | Shape: (277, 64, 88)
[ 395/962] ✓ MIDI-Unprocessed_11_R1_2006_01-06_ORIG_MID--AUDIO_11_R1_2006_04_Track04_wav.midi | Segments:  126 | Shape: (126, 64, 88)
[ 396/962] ✓ MIDI-Unprocessed_11_R1_2008_01-04_ORIG_MID--AUDIO_11_R1_2008_wav--1.midi | Segments:   84 | Shape: (84, 64, 88)
[ 397/962] ✓ MIDI-Unprocessed_11_R1_2008_01-04_ORIG_MID--AUDIO_11_R1_2008_wav--2.midi | Segments:  150 | Shape: (150, 64, 88)
[ 398/962] ✓ MIDI-Unprocessed_11_R1_2008_01-04_ORIG_MID--AUDIO_11_R1_2008_wav--3.midi | Segments:   80 | Shape: (80, 64, 88)
[ 399/962] ✓ MIDI-Unprocessed_11_R1_2008_01-04_ORIG_MID--AUDIO_11_R1_2008_wav--4.midi | Segments:   59 | Shape: (59, 64, 88)
[ 400/962] ✓ MIDI-Unprocessed_11_R1_2009_01-05_ORIG_MID--AUDIO_11_R1_2009_11_R1_2009_01_WAV.midi | Segments:  336 | Shape: (336, 64, 88)
[ 401/962] ✓ MIDI-Unprocessed_11_R1_2009_01-05_ORIG_MID--AUDIO_11_R1_2009_11_R1_2009_02_WAV.midi | Segments:   69 | Shape: (69, 64, 88)
[ 402/962] ✓ MIDI-Unprocessed_11_R1_2009_01-05_ORIG_MID--AUDIO_11_R1_2009_11_R1_2009_03_WAV.midi | Segments:   22 | Shape: (22, 64, 88)
[ 403/962] ✓ MIDI-Unprocessed_11_R1_2009_06-09_ORIG_MID--AUDIO_11_R1_2009_11_R1_2009_09_WAV.midi | Segments:  246 | Shape: (246, 64, 88)
[ 404/962] ✓ MIDI-Unprocessed_11_R1_2011_MID--AUDIO_R1-D4_08_Track08_wav.midi | Segments:  130 | Shape: (130, 64, 88)
[ 405/962] ✓ MIDI-Unprocessed_11_R1_2011_MID--AUDIO_R1-D4_09_Track09_wav.midi | Segments:   50 | Shape: (50, 64, 88)
[ 406/962] ✓ MIDI-Unprocessed_11_R1_2011_MID--AUDIO_R1-D4_10_Track10_wav.midi | Segments:   70 | Shape: (70, 64, 88)
[ 407/962] ✓ MIDI-Unprocessed_11_R1_2011_MID--AUDIO_R1-D4_11_Track11_wav.midi | Segments:   29 | Shape: (29, 64, 88)
[ 408/962] ✓ MIDI-Unprocessed_11_R2_2008_01-05_ORIG_MID--AUDIO_11_R2_2008_wav--2.midi | Segments:   20 | Shape: (20, 64, 88)
[ 409/962] ✓ MIDI-Unprocessed_11_R2_2008_01-05_ORIG_MID--AUDIO_11_R2_2008_wav--3.midi | Segments:  158 | Shape: (158, 64, 88)
[ 410/962] ✓ MIDI-Unprocessed_11_R2_2008_01-05_ORIG_MID--AUDIO_11_R2_2008_wav--5.midi | Segments:   94 | Shape: (94, 64, 88)
[ 411/962] ✓ MIDI-Unprocessed_11_R3_2008_01-04_ORIG_MID--AUDIO_11_R3_2008_wav--2.midi | Segments:  180 | Shape: (180, 64, 88)
[ 412/962] ✓ MIDI-Unprocessed_11_R3_2008_01-04_ORIG_MID--AUDIO_11_R3_2008_wav--4.midi | Segments:  204 | Shape: (204, 64, 88)
[ 413/962] ✓ MIDI-Unprocessed_12_R1_2006_01-08_ORIG_MID--AUDIO_12_R1_2006_01_Track01_wav.midi | Segments:  502 | Shape: (502, 64, 88)
[ 414/962] ✓ MIDI-Unprocessed_12_R1_2006_01-08_ORIG_MID--AUDIO_12_R1_2006_02_Track02_wav.midi | Segments:  153 | Shape: (153, 64, 88)
[ 415/962] ✓ MIDI-Unprocessed_12_R1_2006_01-08_ORIG_MID--AUDIO_12_R1_2006_05_Track05_wav.midi | Segments:   60 | Shape: (60, 64, 88)
[ 416/962] ✓ MIDI-Unprocessed_12_R1_2006_01-08_ORIG_MID--AUDIO_12_R1_2006_06_Track06_wav.midi | Segments:   67 | Shape: (67, 64, 88)
[ 417/962] ✓ MIDI-Unprocessed_12_R1_2006_01-08_ORIG_MID--AUDIO_12_R1_2006_08_Track08_wav.midi | Segments:   28 | Shape: (28, 64, 88)
[ 418/962] ✓ MIDI-Unprocessed_12_R1_2008_01-04_ORIG_MID--AUDIO_12_R1_2008_wav--2.midi | Segments:   55 | Shape: (55, 64, 88)
[ 419/962] ✓ MIDI-Unprocessed_12_R1_2009_01-02_ORIG_MID--AUDIO_12_R1_2009_12_R1_2009_01_WAV.midi | Segments:  214 | Shape: (214, 64, 88)
[ 420/962] ✓ MIDI-Unprocessed_12_R1_2009_03-05_ORIG_MID--AUDIO_12_R1_2009_12_R1_2009_03_WAV.midi | Segments:  221 | Shape: (221, 64, 88)
[ 421/962] ✓ MIDI-Unprocessed_12_R1_2011_MID--AUDIO_R1-D4_13_Track13_wav.midi | Segments:   82 | Shape: (82, 64, 88)
[ 422/962] ✓ MIDI-Unprocessed_12_R1_2011_MID--AUDIO_R1-D4_14_Track14_wav.midi | Segments:  163 | Shape: (163, 64, 88)
[ 423/962] ✓ MIDI-Unprocessed_12_R1_2011_MID--AUDIO_R1-D4_15_Track15_wav.midi | Segments:   50 | Shape: (50, 64, 88)
[ 424/962] ✓ MIDI-Unprocessed_12_R2_2008_01-04_ORIG_MID--AUDIO_12_R2_2008_wav--1.midi | Segments:  105 | Shape: (105, 64, 88)
[ 425/962] ✓ MIDI-Unprocessed_12_R2_2008_01-04_ORIG_MID--AUDIO_12_R2_2008_wav--2.midi | Segments:   68 | Shape: (68, 64, 88)
[ 426/962] ✓ MIDI-Unprocessed_12_R2_2008_01-04_ORIG_MID--AUDIO_12_R2_2008_wav--3.midi | Segments:  112 | Shape: (112, 64, 88)
[ 427/962] ✓ MIDI-Unprocessed_12_R2_2009_01_ORIG_MID--AUDIO_12_R2_2009_12_R2_2009_01_WAV.midi | Segments:  124 | Shape: (124, 64, 88)
[ 428/962] ✓ MIDI-Unprocessed_12_R2_2009_01_ORIG_MID--AUDIO_12_R2_2009_12_R2_2009_02_WAV.midi | Segments:  143 | Shape: (143, 64, 88)
[ 429/962] ✓ MIDI-Unprocessed_12_R2_2009_01_ORIG_MID--AUDIO_12_R2_2009_12_R2_2009_03_WAV.midi | Segments:   37 | Shape: (37, 64, 88)
[ 430/962] ✓ MIDI-Unprocessed_12_R2_2009_01_ORIG_MID--AUDIO_12_R2_2009_12_R2_2009_04_WAV.midi | Segments:  140 | Shape: (140, 64, 88)
[ 431/962] ✓ MIDI-Unprocessed_12_R2_2011_MID--AUDIO_R2-D4_03_Track03_wav.midi | Segments:  131 | Shape: (131, 64, 88)
[ 432/962] ✓ MIDI-Unprocessed_12_R2_2011_MID--AUDIO_R2-D4_04_Track04_wav.midi | Segments:   77 | Shape: (77, 64, 88)
[ 433/962] ✓ MIDI-Unprocessed_12_R2_2011_MID--AUDIO_R2-D4_05_Track05_wav.midi | Segments:   39 | Shape: (39, 64, 88)
[ 434/962] ✓ MIDI-Unprocessed_12_R3_2008_01-04_ORIG_MID--AUDIO_12_R3_2008_wav--1.midi | Segments:  154 | Shape: (154, 64, 88)
[ 435/962] ✓ MIDI-Unprocessed_12_R3_2008_01-04_ORIG_MID--AUDIO_12_R3_2008_wav--2.midi | Segments:  154 | Shape: (154, 64, 88)
[ 436/962] ✓ MIDI-Unprocessed_12_R3_2011_MID--AUDIO_R3-D4_03_Track03_wav.midi | Segments:  157 | Shape: (157, 64, 88)
[ 437/962] ✓ MIDI-Unprocessed_12_R3_2011_MID--AUDIO_R3-D4_04_Track04_wav.midi | Segments:  145 | Shape: (145, 64, 88)
[ 438/962] ✓ MIDI-Unprocessed_12_R3_2011_MID--AUDIO_R3-D4_07_Track07_wav.midi | Segments:   74 | Shape: (74, 64, 88)
[ 439/962] ✓ MIDI-Unprocessed_12_R3_2011_MID--AUDIO_R3-D4_08_Track08_wav.midi | Segments:   22 | Shape: (22, 64, 88)
[ 440/962] ✓ MIDI-Unprocessed_12_R3_2011_MID--AUDIO_R3-D4_09_Track09_wav.midi | Segments:   86 | Shape: (86, 64, 88)
[ 441/962] ✓ MIDI-Unprocessed_13_R1_2006_01-06_ORIG_MID--AUDIO_13_R1_2006_01_Track01_wav.midi | Segments:  103 | Shape: (103, 64, 88)
[ 442/962] ✓ MIDI-Unprocessed_13_R1_2006_01-06_ORIG_MID--AUDIO_13_R1_2006_02_Track02_wav.midi | Segments:  268 | Shape: (268, 64, 88)
[ 443/962] ✓ MIDI-Unprocessed_13_R1_2006_01-06_ORIG_MID--AUDIO_13_R1_2006_04_Track04_wav.midi | Segments:   59 | Shape: (59, 64, 88)
[ 444/962] ✓ MIDI-Unprocessed_13_R1_2006_01-06_ORIG_MID--AUDIO_13_R1_2006_06_Track06_wav.midi | Segments:  121 | Shape: (121, 64, 88)
[ 445/962] ✓ MIDI-Unprocessed_13_R1_2008_01-04_ORIG_MID--AUDIO_13_R1_2008_wav--2.midi | Segments:   47 | Shape: (47, 64, 88)
[ 446/962] ✓ MIDI-Unprocessed_13_R1_2008_01-04_ORIG_MID--AUDIO_13_R1_2008_wav--4.midi | Segments:  166 | Shape: (166, 64, 88)
[ 447/962] ✓ MIDI-Unprocessed_13_R1_2009_01-03_ORIG_MID--AUDIO_13_R1_2009_13_R1_2009_01_WAV.midi | Segments:  125 | Shape: (125, 64, 88)
[ 448/962] ✓ MIDI-Unprocessed_13_R1_2009_01-03_ORIG_MID--AUDIO_13_R1_2009_13_R1_2009_03_WAV.midi | Segments:  194 | Shape: (194, 64, 88)
[ 449/962] ✓ MIDI-Unprocessed_13_R1_2009_04_ORIG_MID--AUDIO_13_R1_2009_13_R1_2009_04_WAV.midi | Segments:  395 | Shape: (395, 64, 88)
[ 450/962] ✓ MIDI-Unprocessed_13_R1_2011_MID--AUDIO_R1-D5_02_Track02_wav.midi | Segments:   56 | Shape: (56, 64, 88)
[ 451/962] ✓ MIDI-Unprocessed_13_R1_2011_MID--AUDIO_R1-D5_03_Track03_wav.midi | Segments:   55 | Shape: (55, 64, 88)
[ 452/962] ✓ MIDI-Unprocessed_13_R1_2011_MID--AUDIO_R1-D5_04_Track04_wav.midi | Segments:  130 | Shape: (130, 64, 88)
[ 453/962] ✓ MIDI-Unprocessed_14_R1_2006_01-05_ORIG_MID--AUDIO_14_R1_2006_01_Track01_wav.midi | Segments:  406 | Shape: (406, 64, 88)
[ 454/962] ✓ MIDI-Unprocessed_14_R1_2006_01-05_ORIG_MID--AUDIO_14_R1_2006_03_Track03_wav.midi | Segments:  168 | Shape: (168, 64, 88)
[ 455/962] ✓ MIDI-Unprocessed_14_R1_2008_01-05_ORIG_MID--AUDIO_14_R1_2008_wav--2.midi | Segments:   66 | Shape: (66, 64, 88)
[ 456/962] ✓ MIDI-Unprocessed_14_R1_2009_01-05_ORIG_MID--AUDIO_14_R1_2009_14_R1_2009_02_WAV.midi | Segments:   79 | Shape: (79, 64, 88)
[ 457/962] ✓ MIDI-Unprocessed_14_R1_2009_01-05_ORIG_MID--AUDIO_14_R1_2009_14_R1_2009_03_WAV.midi | Segments:   33 | Shape: (33, 64, 88)
[ 458/962] ✓ MIDI-Unprocessed_14_R1_2009_01-05_ORIG_MID--AUDIO_14_R1_2009_14_R1_2009_04_WAV.midi | Segments:   74 | Shape: (74, 64, 88)
[ 459/962] ✓ MIDI-Unprocessed_14_R1_2009_01-05_ORIG_MID--AUDIO_14_R1_2009_14_R1_2009_05_WAV.midi | Segments:   35 | Shape: (35, 64, 88)
[ 460/962] ✓ MIDI-Unprocessed_14_R1_2009_06-08_ORIG_MID--AUDIO_14_R1_2009_14_R1_2009_06_WAV.midi | Segments:  227 | Shape: (227, 64, 88)
[ 461/962] ✓ MIDI-Unprocessed_14_R1_2009_06-08_ORIG_MID--AUDIO_14_R1_2009_14_R1_2009_08_WAV.midi | Segments:  346 | Shape: (346, 64, 88)
[ 462/962] ✓ MIDI-Unprocessed_14_R1_2011_MID--AUDIO_R1-D6_03_Track03_wav.midi | Segments:   99 | Shape: (99, 64, 88)
[ 463/962] ✓ MIDI-Unprocessed_15_R1_2006_01-05_ORIG_MID--AUDIO_15_R1_2006_01_Track01_wav.midi | Segments:  162 | Shape: (162, 64, 88)
[ 464/962] ✓ MIDI-Unprocessed_15_R1_2006_01-05_ORIG_MID--AUDIO_15_R1_2006_04_Track04_wav.midi | Segments:  105 | Shape: (105, 64, 88)
[ 465/962] ✓ MIDI-Unprocessed_15_R1_2008_01-04_ORIG_MID--AUDIO_15_R1_2008_wav--1.midi | Segments:   53 | Shape: (53, 64, 88)
[ 466/962] ✓ MIDI-Unprocessed_15_R1_2008_01-04_ORIG_MID--AUDIO_15_R1_2008_wav--2.midi | Segments:  120 | Shape: (120, 64, 88)
[ 467/962] ✓ MIDI-Unprocessed_15_R1_2008_01-04_ORIG_MID--AUDIO_15_R1_2008_wav--3.midi | Segments:  102 | Shape: (102, 64, 88)
[ 468/962] ✓ MIDI-Unprocessed_15_R1_2008_01-04_ORIG_MID--AUDIO_15_R1_2008_wav--4.midi | Segments:   34 | Shape: (34, 64, 88)
[ 469/962] ✓ MIDI-Unprocessed_15_R1_2009_01-02_ORIG_MID--AUDIO_15_R1_2009_15_R1_2009_01_WAV.midi | Segments:  160 | Shape: (160, 64, 88)
[ 470/962] ✓ MIDI-Unprocessed_15_R1_2009_03-06_ORIG_MID--AUDIO_15_R1_2009_15_R1_2009_03_WAV.midi | Segments:  231 | Shape: (231, 64, 88)
[ 471/962] ✓ MIDI-Unprocessed_15_R1_2009_03-06_ORIG_MID--AUDIO_15_R1_2009_15_R1_2009_05_WAV.midi | Segments:   95 | Shape: (95, 64, 88)
[ 472/962] ✓ MIDI-Unprocessed_15_R1_2009_03-06_ORIG_MID--AUDIO_15_R1_2009_15_R1_2009_06_WAV.midi | Segments:   97 | Shape: (97, 64, 88)
[ 473/962] ✓ MIDI-Unprocessed_15_R1_2011_MID--AUDIO_R1-D6_07_Track07_wav.midi | Segments:   61 | Shape: (61, 64, 88)
[ 474/962] ✓ MIDI-Unprocessed_15_R1_2011_MID--AUDIO_R1-D6_08_Track08_wav.midi | Segments:   90 | Shape: (90, 64, 88)
[ 475/962] ✓ MIDI-Unprocessed_15_R1_2011_MID--AUDIO_R1-D6_09_Track09_wav.midi | Segments:   25 | Shape: (25, 64, 88)
[ 476/962] ✓ MIDI-Unprocessed_15_R1_2011_MID--AUDIO_R1-D6_10_Track10_wav.midi | Segments:   82 | Shape: (82, 64, 88)
[ 477/962] ✓ MIDI-Unprocessed_15_R2_2008_01-04_ORIG_MID--AUDIO_15_R2_2008_wav--3.midi | Segments:   51 | Shape: (51, 64, 88)
[ 478/962] ✓ MIDI-Unprocessed_16_R1_2006_01-04_ORIG_MID--AUDIO_16_R1_2006_03_Track03_wav.midi | Segments:  408 | Shape: (408, 64, 88)
[ 479/962] ✓ MIDI-Unprocessed_16_R1_2008_01-04_ORIG_MID--AUDIO_16_R1_2008_wav--1.midi | Segments:   67 | Shape: (67, 64, 88)
[ 480/962] ✓ MIDI-Unprocessed_16_R1_2008_01-04_ORIG_MID--AUDIO_16_R1_2008_wav--2.midi | Segments:   82 | Shape: (82, 64, 88)
[ 481/962] ✓ MIDI-Unprocessed_16_R1_2008_01-04_ORIG_MID--AUDIO_16_R1_2008_wav--4.midi | Segments:   70 | Shape: (70, 64, 88)
[ 482/962] ✓ MIDI-Unprocessed_16_R1_2009_01-02_ORIG_MID--AUDIO_16_R1_2009_16_R1_2009_02_WAV.midi | Segments:  172 | Shape: (172, 64, 88)
[ 483/962] ✓ MIDI-Unprocessed_16_R1_2011_MID--AUDIO_R1-D6_12_Track12_wav.midi | Segments:   84 | Shape: (84, 64, 88)
[ 484/962] ✓ MIDI-Unprocessed_16_R1_2011_MID--AUDIO_R1-D6_13_Track13_wav.midi | Segments:   54 | Shape: (54, 64, 88)
[ 485/962] ✓ MIDI-Unprocessed_16_R1_2011_MID--AUDIO_R1-D6_14_Track14_wav.midi | Segments:   99 | Shape: (99, 64, 88)
[ 486/962] ✓ MIDI-Unprocessed_16_R2_2006_01_ORIG_MID--AUDIO_16_R2_2006_01_Track01_wav.midi | Segments:  212 | Shape: (212, 64, 88)
[ 487/962] ✓ MIDI-Unprocessed_16_R2_2006_01_ORIG_MID--AUDIO_16_R2_2006_02_Track02_wav.midi | Segments:  148 | Shape: (148, 64, 88)
[ 488/962] ✓ MIDI-Unprocessed_16_R2_2006_01_ORIG_MID--AUDIO_16_R2_2006_03_Track03_wav.midi | Segments:  179 | Shape: (179, 64, 88)
[ 489/962] ✓ MIDI-Unprocessed_16_R2_2011_MID--AUDIO_R2-D4_08_Track08_wav.midi | Segments:  205 | Shape: (205, 64, 88)
[ 490/962] ✓ MIDI-Unprocessed_16_R2_2011_MID--AUDIO_R2-D4_09_Track09_wav.midi | Segments:   64 | Shape: (64, 64, 88)
[ 491/962] ✓ MIDI-Unprocessed_16_R3_2011_MID--AUDIO_R3-D5_02_Track02_wav.midi | Segments:  167 | Shape: (167, 64, 88)
[ 492/962] ✓ MIDI-Unprocessed_17_R1_2006_01-06_ORIG_MID--AUDIO_17_R1_2006_01_Track01_wav.midi | Segments:  113 | Shape: (113, 64, 88)
[ 493/962] ✓ MIDI-Unprocessed_17_R1_2008_01-04_ORIG_MID--AUDIO_17_R1_2008_wav--4.midi | Segments:   99 | Shape: (99, 64, 88)
[ 494/962] ✓ MIDI-Unprocessed_17_R1_2009_01-03_ORIG_MID--AUDIO_17_R1_2009_17_R1_2009_03_WAV.midi | Segments:  160 | Shape: (160, 64, 88)
[ 495/962] ✓ MIDI-Unprocessed_17_R1_2009_04_ORIG_MID--AUDIO_17_R1_2009_17_R1_2009_04_WAV.midi | Segments:  657 | Shape: (657, 64, 88)
[ 496/962] ✓ MIDI-Unprocessed_17_R1_2011_MID--AUDIO_R1-D7_02_Track02_wav.midi | Segments:   39 | Shape: (39, 64, 88)
[ 497/962] ✓ MIDI-Unprocessed_17_R1_2011_MID--AUDIO_R1-D7_03_Track03_wav.midi | Segments:   84 | Shape: (84, 64, 88)
[ 498/962] ✓ MIDI-Unprocessed_17_R1_2011_MID--AUDIO_R1-D7_04_Track04_wav.midi | Segments:   48 | Shape: (48, 64, 88)
[ 499/962] ✓ MIDI-Unprocessed_17_R1_2011_MID--AUDIO_R1-D7_05_Track05_wav.midi | Segments:  132 | Shape: (132, 64, 88)
[ 500/962] ✓ MIDI-Unprocessed_17_R2_2008_01-04_ORIG_MID--AUDIO_17_R2_2008_wav--2.midi | Segments:  118 | Shape: (118, 64, 88)
[ 501/962] ✓ MIDI-Unprocessed_17_R2_2008_01-04_ORIG_MID--AUDIO_17_R2_2008_wav--3.midi | Segments:   75 | Shape: (75, 64, 88)
[ 502/962] ✓ MIDI-Unprocessed_17_R2_2009_01_ORIG_MID--AUDIO_17_R2_2009_17_R2_2009_01_WAV.midi | Segments:  118 | Shape: (118, 64, 88)
[ 503/962] ✓ MIDI-Unprocessed_17_R2_2009_01_ORIG_MID--AUDIO_17_R2_2009_17_R2_2009_02_WAV.midi | Segments:  122 | Shape: (122, 64, 88)
[ 504/962] ✓ MIDI-Unprocessed_17_R2_2009_01_ORIG_MID--AUDIO_17_R2_2009_17_R2_2009_03_WAV.midi | Segments:   50 | Shape: (50, 64, 88)
[ 505/962] ✓ MIDI-Unprocessed_17_R2_2009_01_ORIG_MID--AUDIO_17_R2_2009_17_R2_2009_04_WAV.midi | Segments:  130 | Shape: (130, 64, 88)
[ 506/962] ✓ MIDI-Unprocessed_17_R2_2011_MID--AUDIO_R2-D5_03_Track03_wav.midi | Segments:  108 | Shape: (108, 64, 88)
[ 507/962] ✓ MIDI-Unprocessed_17_R2_2011_MID--AUDIO_R2-D5_04_Track04_wav.midi | Segments:   99 | Shape: (99, 64, 88)
[ 508/962] ✓ MIDI-Unprocessed_17_R2_2011_MID--AUDIO_R2-D5_06_Track06_wav.midi | Segments:   92 | Shape: (92, 64, 88)
[ 509/962] ✓ MIDI-Unprocessed_17_R3_2011_MID--AUDIO_R3-D6_02_Track02_wav.midi | Segments:  145 | Shape: (145, 64, 88)
[ 510/962] ✓ MIDI-Unprocessed_17_R3_2011_MID--AUDIO_R3-D6_03_Track03_wav.midi | Segments:   95 | Shape: (95, 64, 88)
[ 511/962] ✓ MIDI-Unprocessed_17_R3_2011_MID--AUDIO_R3-D6_04_Track04_wav.midi | Segments:   44 | Shape: (44, 64, 88)
[ 512/962] ✓ MIDI-Unprocessed_17_R3_2011_MID--AUDIO_R3-D6_05_Track05_wav.midi | Segments:   56 | Shape: (56, 64, 88)
[ 513/962] ✓ MIDI-Unprocessed_17_R3_2011_MID--AUDIO_R3-D6_06_Track06_wav.midi | Segments:   40 | Shape: (40, 64, 88)
[ 514/962] ✓ MIDI-Unprocessed_17_R3_2011_MID--AUDIO_R3-D6_07_Track07_wav.midi | Segments:   53 | Shape: (53, 64, 88)
[ 515/962] ✓ MIDI-Unprocessed_17_R3_2011_MID--AUDIO_R3-D6_08_Track08_wav.midi | Segments:   69 | Shape: (69, 64, 88)
[ 516/962] ✓ MIDI-Unprocessed_18_R1_2006_01-05_ORIG_MID--AUDIO_18_R1_2006_01_Track01_wav.midi | Segments:  163 | Shape: (163, 64, 88)
[ 517/962] ✓ MIDI-Unprocessed_18_R1_2006_01-05_ORIG_MID--AUDIO_18_R1_2006_02_Track02_wav.midi | Segments:   61 | Shape: (61, 64, 88)
[ 518/962] ✓ MIDI-Unprocessed_18_R1_2006_01-05_ORIG_MID--AUDIO_18_R1_2006_03_Track03_wav.midi | Segments:  128 | Shape: (128, 64, 88)
[ 519/962] ✓ MIDI-Unprocessed_18_R1_2006_01-05_ORIG_MID--AUDIO_18_R1_2006_04_Track04_wav.midi | Segments:  189 | Shape: (189, 64, 88)
[ 520/962] ✓ MIDI-Unprocessed_18_R1_2006_01-05_ORIG_MID--AUDIO_18_R1_2006_05_Track05_wav.midi | Segments:  503 | Shape: (503, 64, 88)
[ 521/962] ✓ MIDI-Unprocessed_18_R1_2008_01-04_ORIG_MID--AUDIO_18_R1_2008_wav--1.midi | Segments:   53 | Shape: (53, 64, 88)
[ 522/962] ✓ MIDI-Unprocessed_18_R1_2008_01-04_ORIG_MID--AUDIO_18_R1_2008_wav--4.midi | Segments:   67 | Shape: (67, 64, 88)
[ 523/962] ✓ MIDI-Unprocessed_18_R1_2009_01-03_ORIG_MID--AUDIO_18_R1_2009_18_R1_2009_01_WAV.midi | Segments:   82 | Shape: (82, 64, 88)
[ 524/962] ✓ MIDI-Unprocessed_18_R1_2009_01-03_ORIG_MID--AUDIO_18_R1_2009_18_R1_2009_02_WAV.midi | Segments:  167 | Shape: (167, 64, 88)
[ 525/962] ✓ MIDI-Unprocessed_18_R1_2009_04_ORIG_MID--AUDIO_18_R1_2009_18_R1_2009_04_WAV.midi | Segments:  499 | Shape: (499, 64, 88)
[ 526/962] ✓ MIDI-Unprocessed_18_R1_2011_MID--AUDIO_R1-D7_08_Track08_wav.midi | Segments:  122 | Shape: (122, 64, 88)
[ 527/962] ✓ MIDI-Unprocessed_18_R1_2011_MID--AUDIO_R1-D7_09_Track09_wav.midi | Segments:   29 | Shape: (29, 64, 88)
[ 528/962] ✓ MIDI-Unprocessed_18_R1_2011_MID--AUDIO_R1-D7_10_Track10_wav.midi | Segments:  125 | Shape: (125, 64, 88)
[ 529/962] ✓ MIDI-Unprocessed_19_R1_2006_01-07_ORIG_MID--AUDIO_19_R1_2006_01_Track01_wav.midi | Segments:   72 | Shape: (72, 64, 88)
[ 530/962] ✓ MIDI-Unprocessed_19_R1_2006_01-07_ORIG_MID--AUDIO_19_R1_2006_02_Track02_wav.midi | Segments:  127 | Shape: (127, 64, 88)
[ 531/962] ✓ MIDI-Unprocessed_19_R1_2006_01-07_ORIG_MID--AUDIO_19_R1_2006_04_Track04_wav.midi | Segments:  138 | Shape: (138, 64, 88)
[ 532/962] ✓ MIDI-Unprocessed_19_R1_2009_01-02_ORIG_MID--AUDIO_19_R1_2009_19_R1_2009_02_WAV.midi | Segments:  427 | Shape: (427, 64, 88)
[ 533/962] ✓ MIDI-Unprocessed_19_R1_2009_03-04_ORIG_MID--AUDIO_19_R1_2009_19_R1_2009_04_WAV.midi | Segments:  162 | Shape: (162, 64, 88)
[ 534/962] ✓ MIDI-Unprocessed_19_R1_2011_MID--AUDIO_R1-D7_12_Track12_wav.midi | Segments:   79 | Shape: (79, 64, 88)
[ 535/962] ✓ MIDI-Unprocessed_19_R1_2011_MID--AUDIO_R1-D7_13_Track13_wav.midi | Segments:  112 | Shape: (112, 64, 88)
[ 536/962] ✓ MIDI-Unprocessed_19_R1_2011_MID--AUDIO_R1-D7_14_Track14_wav.midi | Segments:   38 | Shape: (38, 64, 88)
[ 537/962] ✓ MIDI-Unprocessed_19_R2_2009_01_ORIG_MID--AUDIO_19_R2_2009_19_R2_2009_01_WAV.midi | Segments:  232 | Shape: (232, 64, 88)
[ 538/962] ✓ MIDI-Unprocessed_19_R2_2009_01_ORIG_MID--AUDIO_19_R2_2009_19_R2_2009_02_WAV.midi | Segments:  114 | Shape: (114, 64, 88)
[ 539/962] ✓ MIDI-Unprocessed_19_R2_2009_01_ORIG_MID--AUDIO_19_R2_2009_19_R2_2009_03_WAV.midi | Segments:   60 | Shape: (60, 64, 88)
[ 540/962] ✓ MIDI-Unprocessed_19_R2_2009_01_ORIG_MID--AUDIO_19_R2_2009_19_R2_2009_04_WAV.midi | Segments:  115 | Shape: (115, 64, 88)
[ 541/962] ✓ MIDI-Unprocessed_20_R1_2006_01-04_ORIG_MID--AUDIO_20_R1_2006_01_Track01_wav.midi | Segments:  218 | Shape: (218, 64, 88)
[ 542/962] ✓ MIDI-Unprocessed_20_R1_2006_01-04_ORIG_MID--AUDIO_20_R1_2006_04_Track04_wav.midi | Segments:  403 | Shape: (403, 64, 88)
[ 543/962] ✓ MIDI-Unprocessed_20_R1_2009_01-05_ORIG_MID--AUDIO_20_R1_2009_20_R1_2009_01_WAV.midi | Segments:  233 | Shape: (233, 64, 88)
[ 544/962] ✓ MIDI-Unprocessed_20_R1_2009_06-07_ORIG_MID--AUDIO_20_R1_2009_20_R1_2009_06_WAV.midi | Segments:  319 | Shape: (319, 64, 88)
[ 545/962] ✓ MIDI-Unprocessed_20_R1_2011_MID--AUDIO_R1-D8_02_Track02_wav.midi | Segments:   75 | Shape: (75, 64, 88)
[ 546/962] ✓ MIDI-Unprocessed_20_R1_2011_MID--AUDIO_R1-D8_03_Track03_wav.midi | Segments:   60 | Shape: (60, 64, 88)
[ 547/962] ✓ MIDI-Unprocessed_20_R1_2011_MID--AUDIO_R1-D8_04_Track04_wav.midi | Segments:  143 | Shape: (143, 64, 88)
[ 548/962] ✓ MIDI-Unprocessed_21_R1_2006_01-04_ORIG_MID--AUDIO_21_R1_2006_01_Track01_wav.midi | Segments:  132 | Shape: (132, 64, 88)
[ 549/962] ✓ MIDI-Unprocessed_21_R1_2006_01-04_ORIG_MID--AUDIO_21_R1_2006_02_Track02_wav.midi | Segments:  314 | Shape: (314, 64, 88)
[ 550/962] ✓ MIDI-Unprocessed_21_R1_2009_01-03_ORIG_MID--AUDIO_21_R1_2009_21_R1_2009_01_WAV.midi | Segments:  295 | Shape: (295, 64, 88)
[ 551/962] ✓ MIDI-Unprocessed_21_R1_2009_01-03_ORIG_MID--AUDIO_21_R1_2009_21_R1_2009_03_WAV.midi | Segments:  198 | Shape: (198, 64, 88)
[ 552/962] ✓ MIDI-Unprocessed_21_R1_2009_04_ORIG_MID--AUDIO_21_R1_2009_21_R1_2009_04_WAV.midi | Segments:  431 | Shape: (431, 64, 88)
[ 553/962] ✓ MIDI-Unprocessed_21_R1_2011_MID--AUDIO_R1-D8_07_Track07_wav.midi | Segments:   59 | Shape: (59, 64, 88)
[ 554/962] ✓ MIDI-Unprocessed_21_R1_2011_MID--AUDIO_R1-D8_08_Track08_wav.midi | Segments:  142 | Shape: (142, 64, 88)
[ 555/962] ✓ MIDI-Unprocessed_21_R1_2011_MID--AUDIO_R1-D8_09_Track09_wav.midi | Segments:   31 | Shape: (31, 64, 88)
[ 556/962] ✓ MIDI-Unprocessed_21_R2_2009_01_ORIG_MID--AUDIO_21_R2_2009_21_R2_2009_01_WAV.midi | Segments:  227 | Shape: (227, 64, 88)
[ 557/962] ✓ MIDI-Unprocessed_21_R2_2009_01_ORIG_MID--AUDIO_21_R2_2009_21_R2_2009_02_WAV.midi | Segments:  160 | Shape: (160, 64, 88)
[ 558/962] ✓ MIDI-Unprocessed_21_R2_2009_01_ORIG_MID--AUDIO_21_R2_2009_21_R2_2009_03_WAV.midi | Segments:   54 | Shape: (54, 64, 88)
[ 559/962] ✓ MIDI-Unprocessed_21_R2_2009_01_ORIG_MID--AUDIO_21_R2_2009_21_R2_2009_04_WAV.midi | Segments:  108 | Shape: (108, 64, 88)
[ 560/962] ✓ MIDI-Unprocessed_22_R1_2006_01-04_ORIG_MID--AUDIO_22_R1_2006_01_Track01_wav.midi | Segments:  257 | Shape: (257, 64, 88)
[ 561/962] ✓ MIDI-Unprocessed_22_R1_2006_01-04_ORIG_MID--AUDIO_22_R1_2006_04_Track04_wav.midi | Segments:  437 | Shape: (437, 64, 88)
[ 562/962] ✓ MIDI-Unprocessed_22_R1_2011_MID--AUDIO_R1-D8_11_Track11_wav.midi | Segments:   59 | Shape: (59, 64, 88)
[ 563/962] ✓ MIDI-Unprocessed_22_R1_2011_MID--AUDIO_R1-D8_12_Track12_wav.midi | Segments:   11 | Shape: (11, 64, 88)
[ 564/962] ✓ MIDI-Unprocessed_22_R1_2011_MID--AUDIO_R1-D8_13_Track13_wav.midi | Segments:   83 | Shape: (83, 64, 88)
[ 565/962] ✓ MIDI-Unprocessed_22_R2_2006_01_ORIG_MID--AUDIO_22_R2_2006_01_Track01_wav.midi | Segments:  142 | Shape: (142, 64, 88)
[ 566/962] ✓ MIDI-Unprocessed_22_R2_2006_01_ORIG_MID--AUDIO_22_R2_2006_02_Track02_wav.midi | Segments:  198 | Shape: (198, 64, 88)
[ 567/962] ✓ MIDI-Unprocessed_22_R2_2006_01_ORIG_MID--AUDIO_22_R2_2006_03_Track03_wav.midi | Segments:  115 | Shape: (115, 64, 88)
[ 568/962] ✓ MIDI-Unprocessed_22_R2_2006_01_ORIG_MID--AUDIO_22_R2_2006_04_Track04_wav.midi | Segments:   77 | Shape: (77, 64, 88)
[ 569/962] ✓ MIDI-Unprocessed_22_R2_2011_MID--AUDIO_R2-D5_08_Track08_wav.midi | Segments:  101 | Shape: (101, 64, 88)
[ 570/962] ✓ MIDI-Unprocessed_22_R3_2011_MID--AUDIO_R3-D7_03_Track03_wav.midi | Segments:  153 | Shape: (153, 64, 88)
[ 571/962] ✓ MIDI-Unprocessed_22_R3_2011_MID--AUDIO_R3-D7_07_Track07_wav.midi | Segments:   81 | Shape: (81, 64, 88)
[ 572/962] ✓ MIDI-Unprocessed_22_R3_2011_MID--AUDIO_R3-D7_08_Track08_wav.midi | Segments:   82 | Shape: (82, 64, 88)
[ 573/962] ✓ MIDI-Unprocessed_22_R3_2011_MID--AUDIO_R3-D7_09_Track09_wav.midi | Segments:  100 | Shape: (100, 64, 88)
[ 574/962] ✓ MIDI-Unprocessed_23_R1_2006_01-05_ORIG_MID--AUDIO_23_R1_2006_04_Track04_wav.midi | Segments:  472 | Shape: (472, 64, 88)
[ 575/962] ✓ MIDI-Unprocessed_23_R1_2011_MID--AUDIO_R1-D9_02_Track02_wav.midi | Segments:   55 | Shape: (55, 64, 88)
[ 576/962] ✓ MIDI-Unprocessed_23_R1_2011_MID--AUDIO_R1-D9_04_Track04_wav.midi | Segments:  172 | Shape: (172, 64, 88)
[ 577/962] ✓ MIDI-Unprocessed_23_R2_2006_01_ORIG_MID--AUDIO_23_R2_2006_01_Track01_wav.midi | Segments:  164 | Shape: (164, 64, 88)
[ 578/962] ✓ MIDI-Unprocessed_23_R2_2006_01_ORIG_MID--AUDIO_23_R2_2006_02_Track02_wav.midi | Segments:  182 | Shape: (182, 64, 88)
[ 579/962] ✓ MIDI-Unprocessed_23_R2_2006_01_ORIG_MID--AUDIO_23_R2_2006_03_Track03_wav.midi | Segments:  106 | Shape: (106, 64, 88)
[ 580/962] ✓ MIDI-Unprocessed_23_R2_2006_01_ORIG_MID--AUDIO_23_R2_2006_04_Track04_wav.midi | Segments:   68 | Shape: (68, 64, 88)
[ 581/962] ✓ MIDI-Unprocessed_23_R2_2011_MID--AUDIO_R2-D6_04_Track04_wav.midi | Segments:   83 | Shape: (83, 64, 88)
[ 582/962] ✓ MIDI-Unprocessed_23_R3_2011_MID--AUDIO_R3-D8_05_Track05_wav.midi | Segments:  177 | Shape: (177, 64, 88)
[ 583/962] ✓ MIDI-Unprocessed_24_R1_2006_01-05_ORIG_MID--AUDIO_24_R1_2006_01_Track01_wav.midi | Segments:  234 | Shape: (234, 64, 88)
[ 584/962] ✓ MIDI-Unprocessed_24_R1_2006_01-05_ORIG_MID--AUDIO_24_R1_2006_02_Track02_wav.midi | Segments:  171 | Shape: (171, 64, 88)
[ 585/962] ✓ MIDI-Unprocessed_24_R1_2006_01-05_ORIG_MID--AUDIO_24_R1_2006_04_Track04_wav.midi | Segments:   55 | Shape: (55, 64, 88)
[ 586/962] ✓ MIDI-Unprocessed_24_R1_2006_01-05_ORIG_MID--AUDIO_24_R1_2006_05_Track05_wav.midi | Segments:  349 | Shape: (349, 64, 88)
[ 587/962] ✓ MIDI-Unprocessed_24_R1_2011_MID--AUDIO_R1-D9_08_Track08_wav.midi | Segments:   51 | Shape: (51, 64, 88)
[ 588/962] ✓ MIDI-Unprocessed_24_R1_2011_MID--AUDIO_R1-D9_09_Track09_wav.midi | Segments:   99 | Shape: (99, 64, 88)
[ 589/962] ✓ MIDI-Unprocessed_24_R1_2011_MID--AUDIO_R1-D9_10_Track10_wav.midi | Segments:   36 | Shape: (36, 64, 88)
[ 590/962] ✓ MIDI-Unprocessed_25_R1_2011_MID--AUDIO_R1-D9_14_Track14_wav.midi | Segments:   75 | Shape: (75, 64, 88)
[ 591/962] ✓ MIDI-Unprocessed_25_R1_2011_MID--AUDIO_R1-D9_15_Track15_wav.midi | Segments:  142 | Shape: (142, 64, 88)
[ 592/962] ✓ MIDI-Unprocessed_25_R2_2011_MID--AUDIO_R2-D6_07_Track07_wav.midi | Segments:  142 | Shape: (142, 64, 88)
[ 593/962] ✓ MIDI-Unprocessed_25_R2_2011_MID--AUDIO_R2-D6_08_Track08_wav.midi | Segments:   84 | Shape: (84, 64, 88)
[ 594/962] ✓ MIDI-Unprocessed_25_R3_2011_MID--AUDIO_R3-D9_02_Track02_wav.midi | Segments:   46 | Shape: (46, 64, 88)
[ 595/962] ✓ MIDI-Unprocessed_25_R3_2011_MID--AUDIO_R3-D9_03_Track03_wav.midi | Segments:   90 | Shape: (90, 64, 88)
[ 596/962] ✓ MIDI-Unprocessed_25_R3_2011_MID--AUDIO_R3-D9_04_Track04_wav.midi | Segments:  157 | Shape: (157, 64, 88)
[ 597/962] ✓ MIDI-Unprocessed_25_R3_2011_MID--AUDIO_R3-D9_06_Track06_wav.midi | Segments:  194 | Shape: (194, 64, 88)
[ 598/962] ✓ MIDI-Unprocessed_Chamber2_MID--AUDIO_09_R3_2018_wav--1.midi | Segments:  145 | Shape: (145, 64, 88)
[ 599/962] ✓ MIDI-Unprocessed_Chamber3_MID--AUDIO_10_R3_2018_wav--1.midi | Segments:  175 | Shape: (175, 64, 88)
[ 600/962] ✓ MIDI-Unprocessed_Chamber4_MID--AUDIO_11_R3_2018_wav--1.midi | Segments:  272 | Shape: (272, 64, 88)
[ 601/962] ✓ MIDI-Unprocessed_Chamber5_MID--AUDIO_18_R3_2018_wav--1.midi | Segments:  402 | Shape: (402, 64, 88)
[ 602/962] ✓ MIDI-Unprocessed_Chamber6_MID--AUDIO_20_R3_2018_wav--2.midi | Segments:  279 | Shape: (279, 64, 88)
[ 603/962] ✓ MIDI-Unprocessed_R1_D1-1-8_mid--AUDIO-from_mp3_01_R1_2015_wav--1.midi | Segments:   91 | Shape: (91, 64, 88)
[ 604/962] ✓ MIDI-Unprocessed_R1_D1-1-8_mid--AUDIO-from_mp3_01_R1_2015_wav--3.midi | Segments:   57 | Shape: (57, 64, 88)
[ 605/962] ✓ MIDI-Unprocessed_R1_D1-1-8_mid--AUDIO-from_mp3_01_R1_2015_wav--5.midi | Segments:   65 | Shape: (65, 64, 88)
[ 606/962] ✓ MIDI-Unprocessed_R1_D1-1-8_mid--AUDIO-from_mp3_02_R1_2015_wav--2.midi | Segments:   52 | Shape: (52, 64, 88)
[ 607/962] ✓ MIDI-Unprocessed_R1_D1-1-8_mid--AUDIO-from_mp3_02_R1_2015_wav--3.midi | Segments:  121 | Shape: (121, 64, 88)
[ 608/962] ✓ MIDI-Unprocessed_R1_D1-1-8_mid--AUDIO-from_mp3_02_R1_2015_wav--4.midi | Segments:   43 | Shape: (43, 64, 88)
[ 609/962] ✓ MIDI-Unprocessed_R1_D1-1-8_mid--AUDIO-from_mp3_02_R1_2015_wav--5.midi | Segments:   37 | Shape: (37, 64, 88)
[ 610/962] ✓ MIDI-Unprocessed_R1_D1-1-8_mid--AUDIO-from_mp3_02_R1_2015_wav--6.midi | Segments:   69 | Shape: (69, 64, 88)
[ 611/962] ✓ MIDI-Unprocessed_R1_D1-1-8_mid--AUDIO-from_mp3_03_R1_2015_wav--1.midi | Segments:  118 | Shape: (118, 64, 88)
[ 612/962] ✓ MIDI-Unprocessed_R1_D1-1-8_mid--AUDIO-from_mp3_03_R1_2015_wav--2.midi | Segments:   28 | Shape: (28, 64, 88)
[ 613/962] ✓ MIDI-Unprocessed_R1_D1-1-8_mid--AUDIO-from_mp3_04_R1_2015_wav--1.midi | Segments:   39 | Shape: (39, 64, 88)
[ 614/962] ✓ MIDI-Unprocessed_R1_D1-1-8_mid--AUDIO-from_mp3_04_R1_2015_wav--4.midi | Segments:   34 | Shape: (34, 64, 88)
[ 615/962] ✓ MIDI-Unprocessed_R1_D1-1-8_mid--AUDIO-from_mp3_05_R1_2015_wav--2.midi | Segments:   78 | Shape: (78, 64, 88)
[ 616/962] ✓ MIDI-Unprocessed_R1_D1-1-8_mid--AUDIO-from_mp3_05_R1_2015_wav--5.midi | Segments:  104 | Shape: (104, 64, 88)
[ 617/962] ✓ MIDI-Unprocessed_R1_D1-1-8_mid--AUDIO-from_mp3_06_R1_2015_wav--1.midi | Segments:   32 | Shape: (32, 64, 88)
[ 618/962] ✓ MIDI-Unprocessed_R1_D1-1-8_mid--AUDIO-from_mp3_06_R1_2015_wav--4.midi | Segments:   32 | Shape: (32, 64, 88)
[ 619/962] ✓ MIDI-Unprocessed_R1_D1-1-8_mid--AUDIO-from_mp3_06_R1_2015_wav--5.midi | Segments:   68 | Shape: (68, 64, 88)
[ 620/962] ✓ MIDI-Unprocessed_R1_D1-1-8_mid--AUDIO-from_mp3_07_R1_2015_wav--2.midi | Segments:  121 | Shape: (121, 64, 88)
[ 621/962] ✓ MIDI-Unprocessed_R1_D1-1-8_mid--AUDIO-from_mp3_07_R1_2015_wav--3.midi | Segments:   35 | Shape: (35, 64, 88)
[ 622/962] ✓ MIDI-Unprocessed_R1_D1-1-8_mid--AUDIO-from_mp3_07_R1_2015_wav--4.midi | Segments:  145 | Shape: (145, 64, 88)
[ 623/962] ✓ MIDI-Unprocessed_R1_D1-1-8_mid--AUDIO-from_mp3_08_R1_2015_wav--1.midi | Segments:   71 | Shape: (71, 64, 88)
[ 624/962] ✓ MIDI-Unprocessed_R1_D1-1-8_mid--AUDIO-from_mp3_08_R1_2015_wav--2.midi | Segments:  126 | Shape: (126, 64, 88)
[ 625/962] ✓ MIDI-Unprocessed_R1_D1-1-8_mid--AUDIO-from_mp3_08_R1_2015_wav--3.midi | Segments:   54 | Shape: (54, 64, 88)
[ 626/962] ✓ MIDI-Unprocessed_R1_D1-1-8_mid--AUDIO-from_mp3_08_R1_2015_wav--4.midi | Segments:  196 | Shape: (196, 64, 88)
[ 627/962] ✓ MIDI-Unprocessed_R1_D1-9-12_mid--AUDIO-from_mp3_09_R1_2015_wav--1.midi | Segments:   54 | Shape: (54, 64, 88)
[ 628/962] ✓ MIDI-Unprocessed_R1_D1-9-12_mid--AUDIO-from_mp3_09_R1_2015_wav--3.midi | Segments:   35 | Shape: (35, 64, 88)
[ 629/962] ✓ MIDI-Unprocessed_R1_D1-9-12_mid--AUDIO-from_mp3_10_R1_2015_wav--2.midi | Segments:   28 | Shape: (28, 64, 88)
[ 630/962] ✓ MIDI-Unprocessed_R1_D1-9-12_mid--AUDIO-from_mp3_10_R1_2015_wav--3.midi | Segments:  312 | Shape: (312, 64, 88)
[ 631/962] ✓ MIDI-Unprocessed_R1_D1-9-12_mid--AUDIO-from_mp3_11_R1_2015_wav--1.midi | Segments:  227 | Shape: (227, 64, 88)
[ 632/962] ✓ MIDI-Unprocessed_R1_D1-9-12_mid--AUDIO-from_mp3_11_R1_2015_wav--4.midi | Segments:   66 | Shape: (66, 64, 88)
[ 633/962] ✓ MIDI-Unprocessed_R1_D1-9-12_mid--AUDIO-from_mp3_12_R1_2015_wav--1.midi | Segments:   59 | Shape: (59, 64, 88)
[ 634/962] ✓ MIDI-Unprocessed_R1_D1-9-12_mid--AUDIO-from_mp3_12_R1_2015_wav--2.midi | Segments:  208 | Shape: (208, 64, 88)
[ 635/962] ✓ MIDI-Unprocessed_R1_D1-9-12_mid--AUDIO-from_mp3_12_R1_2015_wav--4.midi | Segments:   26 | Shape: (26, 64, 88)
[ 636/962] ✓ MIDI-Unprocessed_R1_D1-9-12_mid--AUDIO-from_mp3_12_R1_2015_wav--5.midi | Segments:   65 | Shape: (65, 64, 88)
[ 637/962] ✓ MIDI-Unprocessed_R1_D2-13-20_mid--AUDIO-from_mp3_13_R1_2015_wav--1.midi | Segments:   43 | Shape: (43, 64, 88)
[ 638/962] ✓ MIDI-Unprocessed_R1_D2-13-20_mid--AUDIO-from_mp3_13_R1_2015_wav--5.midi | Segments:  157 | Shape: (157, 64, 88)
[ 639/962] ✓ MIDI-Unprocessed_R1_D2-13-20_mid--AUDIO-from_mp3_14_R1_2015_wav--1.midi | Segments:  136 | Shape: (136, 64, 88)
[ 640/962] ✓ MIDI-Unprocessed_R1_D2-13-20_mid--AUDIO-from_mp3_14_R1_2015_wav--2.midi | Segments:   85 | Shape: (85, 64, 88)
[ 641/962] ✓ MIDI-Unprocessed_R1_D2-13-20_mid--AUDIO-from_mp3_14_R1_2015_wav--4.midi | Segments:   39 | Shape: (39, 64, 88)
[ 642/962] ✓ MIDI-Unprocessed_R1_D2-13-20_mid--AUDIO-from_mp3_15_R1_2015_wav--1.midi | Segments:   82 | Shape: (82, 64, 88)
[ 643/962] ✓ MIDI-Unprocessed_R1_D2-13-20_mid--AUDIO-from_mp3_15_R1_2015_wav--2.midi | Segments:   20 | Shape: (20, 64, 88)
[ 644/962] ✓ MIDI-Unprocessed_R1_D2-13-20_mid--AUDIO-from_mp3_15_R1_2015_wav--3.midi | Segments:   81 | Shape: (81, 64, 88)
[ 645/962] ✓ MIDI-Unprocessed_R1_D2-13-20_mid--AUDIO-from_mp3_15_R1_2015_wav--5.midi | Segments:  166 | Shape: (166, 64, 88)
[ 646/962] ✓ MIDI-Unprocessed_R1_D2-13-20_mid--AUDIO-from_mp3_16_R1_2015_wav--1.midi | Segments:   53 | Shape: (53, 64, 88)
[ 647/962] ✓ MIDI-Unprocessed_R1_D2-13-20_mid--AUDIO-from_mp3_16_R1_2015_wav--3.midi | Segments:   73 | Shape: (73, 64, 88)
[ 648/962] ✓ MIDI-Unprocessed_R1_D2-13-20_mid--AUDIO-from_mp3_16_R1_2015_wav--4.midi | Segments:  133 | Shape: (133, 64, 88)
[ 649/962] ✓ MIDI-Unprocessed_R1_D2-13-20_mid--AUDIO-from_mp3_17_R1_2015_wav--1.midi | Segments:   58 | Shape: (58, 64, 88)
[ 650/962] ✓ MIDI-Unprocessed_R1_D2-13-20_mid--AUDIO-from_mp3_17_R1_2015_wav--2.midi | Segments:   84 | Shape: (84, 64, 88)
[ 651/962] ✓ MIDI-Unprocessed_R1_D2-13-20_mid--AUDIO-from_mp3_17_R1_2015_wav--4.midi | Segments:  104 | Shape: (104, 64, 88)
[ 652/962] ✓ MIDI-Unprocessed_R1_D2-13-20_mid--AUDIO-from_mp3_18_R1_2015_wav--1.midi | Segments:   89 | Shape: (89, 64, 88)
[ 653/962] ✓ MIDI-Unprocessed_R1_D2-13-20_mid--AUDIO-from_mp3_18_R1_2015_wav--2.midi | Segments:   52 | Shape: (52, 64, 88)
[ 654/962] ✓ MIDI-Unprocessed_R1_D2-13-20_mid--AUDIO-from_mp3_18_R1_2015_wav--4.midi | Segments:  136 | Shape: (136, 64, 88)
[ 655/962] ✓ MIDI-Unprocessed_R1_D2-13-20_mid--AUDIO-from_mp3_19_R1_2015_wav--1.midi | Segments:   93 | Shape: (93, 64, 88)
[ 656/962] ✓ MIDI-Unprocessed_R1_D2-13-20_mid--AUDIO-from_mp3_19_R1_2015_wav--2.midi | Segments:   90 | Shape: (90, 64, 88)
[ 657/962] ✓ MIDI-Unprocessed_R1_D2-13-20_mid--AUDIO-from_mp3_19_R1_2015_wav--3.midi | Segments:   31 | Shape: (31, 64, 88)
[ 658/962] ✓ MIDI-Unprocessed_R1_D2-13-20_mid--AUDIO-from_mp3_19_R1_2015_wav--4.midi | Segments:   54 | Shape: (54, 64, 88)
[ 659/962] ✓ MIDI-Unprocessed_R1_D2-13-20_mid--AUDIO-from_mp3_20_R1_2015_wav--1.midi | Segments:   64 | Shape: (64, 64, 88)
[ 660/962] ✓ MIDI-Unprocessed_R1_D2-13-20_mid--AUDIO-from_mp3_20_R1_2015_wav--2.midi | Segments:   64 | Shape: (64, 64, 88)
[ 661/962] ✓ MIDI-Unprocessed_R1_D2-13-20_mid--AUDIO-from_mp3_20_R1_2015_wav--3.midi | Segments:   29 | Shape: (29, 64, 88)
[ 662/962] ✓ MIDI-Unprocessed_R1_D2-13-20_mid--AUDIO-from_mp3_20_R1_2015_wav--4.midi | Segments:  155 | Shape: (155, 64, 88)
[ 663/962] ✓ MIDI-Unprocessed_R1_D2-21-22_mid--AUDIO-from_mp3_21_R1_2015_wav--1.midi | Segments:   50 | Shape: (50, 64, 88)
[ 664/962] ✓ MIDI-Unprocessed_R1_D2-21-22_mid--AUDIO-from_mp3_21_R1_2015_wav--2.midi | Segments:   78 | Shape: (78, 64, 88)
[ 665/962] ✓ MIDI-Unprocessed_R1_D2-21-22_mid--AUDIO-from_mp3_21_R1_2015_wav--4.midi | Segments:   31 | Shape: (31, 64, 88)
[ 666/962] ✓ MIDI-Unprocessed_R1_D2-21-22_mid--AUDIO-from_mp3_21_R1_2015_wav--5.midi | Segments:   93 | Shape: (93, 64, 88)
[ 667/962] ✓ MIDI-Unprocessed_R1_D2-21-22_mid--AUDIO-from_mp3_22_R1_2015_wav--1.midi | Segments:   78 | Shape: (78, 64, 88)
[ 668/962] ✓ MIDI-Unprocessed_R1_D2-21-22_mid--AUDIO-from_mp3_22_R1_2015_wav--2.midi | Segments:  101 | Shape: (101, 64, 88)
[ 669/962] ✓ MIDI-Unprocessed_R1_D2-21-22_mid--AUDIO-from_mp3_22_R1_2015_wav--5.midi | Segments:   83 | Shape: (83, 64, 88)
[ 670/962] ✓ MIDI-Unprocessed_R2_D1-2-3-6-7-8-11_mid--AUDIO-from_mp3_03_R2_2015_wav--2.midi | Segments:  169 | Shape: (169, 64, 88)
[ 671/962] ✓ MIDI-Unprocessed_R2_D1-2-3-6-7-8-11_mid--AUDIO-from_mp3_06_R2_2015_wav--2.midi | Segments:  155 | Shape: (155, 64, 88)
[ 672/962] ✓ MIDI-Unprocessed_R2_D1-2-3-6-7-8-11_mid--AUDIO-from_mp3_06_R2_2015_wav--4.midi | Segments:  134 | Shape: (134, 64, 88)
[ 673/962] ✓ MIDI-Unprocessed_R2_D1-2-3-6-7-8-11_mid--AUDIO-from_mp3_07_R2_2015_wav--1.midi | Segments:  192 | Shape: (192, 64, 88)
[ 674/962] ✓ MIDI-Unprocessed_R2_D1-2-3-6-7-8-11_mid--AUDIO-from_mp3_07_R2_2015_wav--2.midi | Segments:  167 | Shape: (167, 64, 88)
[ 675/962] ✓ MIDI-Unprocessed_R2_D1-2-3-6-7-8-11_mid--AUDIO-from_mp3_07_R2_2015_wav--3.midi | Segments:   98 | Shape: (98, 64, 88)
[ 676/962] ✓ MIDI-Unprocessed_R2_D1-2-3-6-7-8-11_mid--AUDIO-from_mp3_08_R2_2015_wav--1.midi | Segments:  164 | Shape: (164, 64, 88)
[ 677/962] ✓ MIDI-Unprocessed_R2_D1-2-3-6-7-8-11_mid--AUDIO-from_mp3_08_R2_2015_wav--2.midi | Segments:  171 | Shape: (171, 64, 88)
[ 678/962] ✓ MIDI-Unprocessed_R2_D1-2-3-6-7-8-11_mid--AUDIO-from_mp3_08_R2_2015_wav--3.midi | Segments:  104 | Shape: (104, 64, 88)
[ 679/962] ✓ MIDI-Unprocessed_R2_D1-2-3-6-7-8-11_mid--AUDIO-from_mp3_11_R2_2015_wav--1.midi | Segments:  171 | Shape: (171, 64, 88)
[ 680/962] ✓ MIDI-Unprocessed_R2_D1-2-3-6-7-8-11_mid--AUDIO-from_mp3_11_R2_2015_wav--2.midi | Segments:   90 | Shape: (90, 64, 88)
[ 681/962] ✓ MIDI-Unprocessed_R2_D1-2-3-6-7-8-11_mid--AUDIO-from_mp3_11_R2_2015_wav--4.midi | Segments:  206 | Shape: (206, 64, 88)
[ 682/962] ✓ MIDI-Unprocessed_R2_D2-12-13-15_mid--AUDIO-from_mp3_12_R2_2015_wav--1.midi | Segments:  144 | Shape: (144, 64, 88)
[ 683/962] ✓ MIDI-Unprocessed_R2_D2-12-13-15_mid--AUDIO-from_mp3_12_R2_2015_wav--5.midi | Segments:  127 | Shape: (127, 64, 88)
[ 684/962] ✓ MIDI-Unprocessed_R2_D2-12-13-15_mid--AUDIO-from_mp3_13_R2_2015_wav--1.midi | Segments:  165 | Shape: (165, 64, 88)
[ 685/962] ✓ MIDI-Unprocessed_R2_D2-12-13-15_mid--AUDIO-from_mp3_13_R2_2015_wav--3.midi | Segments:   75 | Shape: (75, 64, 88)
[ 686/962] ✓ MIDI-Unprocessed_R2_D2-12-13-15_mid--AUDIO-from_mp3_15_R2_2015_wav--1.midi | Segments:   92 | Shape: (92, 64, 88)
[ 687/962] ✓ MIDI-Unprocessed_R2_D2-12-13-15_mid--AUDIO-from_mp3_15_R2_2015_wav--2.midi | Segments:  177 | Shape: (177, 64, 88)
[ 688/962] ✓ MIDI-Unprocessed_R2_D2-12-13-15_mid--AUDIO-from_mp3_15_R2_2015_wav--3.midi | Segments:  264 | Shape: (264, 64, 88)
[ 689/962] ✓ MIDI-Unprocessed_R2_D2-19-21-22_mid--AUDIO-from_mp3_19_R2_2015_wav--1.midi | Segments:  177 | Shape: (177, 64, 88)
[ 690/962] ✓ MIDI-Unprocessed_R2_D2-19-21-22_mid--AUDIO-from_mp3_19_R2_2015_wav--2.midi | Segments:  162 | Shape: (162, 64, 88)
[ 691/962] ✓ MIDI-Unprocessed_R2_D2-19-21-22_mid--AUDIO-from_mp3_21_R2_2015_wav--1.midi | Segments:  171 | Shape: (171, 64, 88)
[ 692/962] ✓ MIDI-Unprocessed_R2_D2-19-21-22_mid--AUDIO-from_mp3_21_R2_2015_wav--2.midi | Segments:  168 | Shape: (168, 64, 88)
[ 693/962] ✓ MIDI-Unprocessed_R2_D2-19-21-22_mid--AUDIO-from_mp3_21_R2_2015_wav--3.midi | Segments:  159 | Shape: (159, 64, 88)
[ 694/962] ✓ MIDI-Unprocessed_R2_D2-19-21-22_mid--AUDIO-from_mp3_22_R2_2015_wav--1.midi | Segments:   71 | Shape: (71, 64, 88)
[ 695/962] ✓ MIDI-Unprocessed_R2_D2-19-21-22_mid--AUDIO-from_mp3_22_R2_2015_wav--2.midi | Segments:  167 | Shape: (167, 64, 88)
[ 696/962] ✓ MIDI-Unprocessed_R2_D2-19-21-22_mid--AUDIO-from_mp3_22_R2_2015_wav--3.midi | Segments:  145 | Shape: (145, 64, 88)
[ 697/962] ✓ MIDI-Unprocessed_R2_D2-19-21-22_mid--AUDIO-from_mp3_22_R2_2015_wav--4.midi | Segments:  204 | Shape: (204, 64, 88)
[ 698/962] ✓ MIDI-Unprocessed_Recital1-3_MID--AUDIO_01_R1_2018_wav--1.midi | Segments:   82 | Shape: (82, 64, 88)
[ 699/962] ✓ MIDI-Unprocessed_Recital1-3_MID--AUDIO_01_R1_2018_wav--2.midi | Segments:  158 | Shape: (158, 64, 88)
[ 700/962] ✓ MIDI-Unprocessed_Recital1-3_MID--AUDIO_01_R1_2018_wav--3.midi | Segments:  402 | Shape: (402, 64, 88)
[ 701/962] ✓ MIDI-Unprocessed_Recital1-3_MID--AUDIO_01_R1_2018_wav--4.midi | Segments:  175 | Shape: (175, 64, 88)
[ 702/962] ✓ MIDI-Unprocessed_Recital1-3_MID--AUDIO_02_R1_2018_wav--2.midi | Segments:  198 | Shape: (198, 64, 88)
[ 703/962] ✓ MIDI-Unprocessed_Recital1-3_MID--AUDIO_02_R1_2018_wav--3.midi | Segments:  110 | Shape: (110, 64, 88)
[ 704/962] ✓ MIDI-Unprocessed_Recital1-3_MID--AUDIO_02_R1_2018_wav--4.midi | Segments:   87 | Shape: (87, 64, 88)
[ 705/962] ✓ MIDI-Unprocessed_Recital1-3_MID--AUDIO_03_R1_2018_wav--1.midi | Segments:  313 | Shape: (313, 64, 88)
[ 706/962] ✓ MIDI-Unprocessed_Recital1-3_MID--AUDIO_03_R1_2018_wav--2.midi | Segments:  508 | Shape: (508, 64, 88)
[ 707/962] ✓ MIDI-Unprocessed_Recital1-3_MID--AUDIO_03_R1_2018_wav--4.midi | Segments:   64 | Shape: (64, 64, 88)
[ 708/962] ✓ MIDI-Unprocessed_Recital1-3_MID--AUDIO_03_R1_2018_wav--5.midi | Segments:   41 | Shape: (41, 64, 88)
[ 709/962] ✓ MIDI-Unprocessed_Recital12_MID--AUDIO_12_R1_2018_wav--1.midi | Segments:  200 | Shape: (200, 64, 88)
[ 710/962] ✓ MIDI-Unprocessed_Recital12_MID--AUDIO_12_R1_2018_wav--2.midi | Segments:  175 | Shape: (175, 64, 88)
[ 711/962] ✓ MIDI-Unprocessed_Recital12_MID--AUDIO_12_R1_2018_wav--3.midi | Segments:  161 | Shape: (161, 64, 88)
[ 712/962] ✓ MIDI-Unprocessed_Recital13-15_MID--AUDIO_13_R1_2018_wav--1.midi | Segments:  267 | Shape: (267, 64, 88)
[ 713/962] ✓ MIDI-Unprocessed_Recital13-15_MID--AUDIO_13_R1_2018_wav--2.midi | Segments:  382 | Shape: (382, 64, 88)
[ 714/962] ✓ MIDI-Unprocessed_Recital13-15_MID--AUDIO_13_R1_2018_wav--3.midi | Segments:  410 | Shape: (410, 64, 88)
[ 715/962] ✓ MIDI-Unprocessed_Recital13-15_MID--AUDIO_14_R1_2018_wav--1.midi | Segments:  183 | Shape: (183, 64, 88)
[ 716/962] ✓ MIDI-Unprocessed_Recital13-15_MID--AUDIO_14_R1_2018_wav--2.midi | Segments:  294 | Shape: (294, 64, 88)
[ 717/962] ✓ MIDI-Unprocessed_Recital13-15_MID--AUDIO_14_R1_2018_wav--4.midi | Segments:  210 | Shape: (210, 64, 88)
[ 718/962] ✓ MIDI-Unprocessed_Recital13-15_MID--AUDIO_15_R1_2018_wav--2.midi | Segments:   62 | Shape: (62, 64, 88)
[ 719/962] ✓ MIDI-Unprocessed_Recital13-15_MID--AUDIO_15_R1_2018_wav--3.midi | Segments:  398 | Shape: (398, 64, 88)
[ 720/962] ✓ MIDI-Unprocessed_Recital13-15_MID--AUDIO_15_R1_2018_wav--4.midi | Segments:  380 | Shape: (380, 64, 88)
[ 721/962] ✓ MIDI-Unprocessed_Recital16_MID--AUDIO_16_R1_2018_wav--2.midi | Segments:  181 | Shape: (181, 64, 88)
[ 722/962] ✓ MIDI-Unprocessed_Recital17-19_MID--AUDIO_17_R1_2018_wav--1.midi | Segments:   78 | Shape: (78, 64, 88)
[ 723/962] ✓ MIDI-Unprocessed_Recital17-19_MID--AUDIO_17_R1_2018_wav--4.midi | Segments:  474 | Shape: (474, 64, 88)
[ 724/962] ✓ MIDI-Unprocessed_Recital17-19_MID--AUDIO_18_R1_2018_wav--1.midi | Segments:  326 | Shape: (326, 64, 88)
[ 725/962] ✓ MIDI-Unprocessed_Recital17-19_MID--AUDIO_18_R1_2018_wav--2.midi | Segments:  171 | Shape: (171, 64, 88)
[ 726/962] ✓ MIDI-Unprocessed_Recital17-19_MID--AUDIO_19_R1_2018_wav--1.midi | Segments:  159 | Shape: (159, 64, 88)
[ 727/962] ✓ MIDI-Unprocessed_Recital17-19_MID--AUDIO_19_R1_2018_wav--2.midi | Segments:  255 | Shape: (255, 64, 88)
[ 728/962] ✓ MIDI-Unprocessed_Recital17-19_MID--AUDIO_19_R1_2018_wav--4.midi | Segments:  247 | Shape: (247, 64, 88)
[ 729/962] ✓ MIDI-Unprocessed_Recital17-19_MID--AUDIO_19_R1_2018_wav--6.midi | Segments:  175 | Shape: (175, 64, 88)
[ 730/962] ✓ MIDI-Unprocessed_Recital20_MID--AUDIO_20_R1_2018_wav--3.midi | Segments:  212 | Shape: (212, 64, 88)
[ 731/962] ✓ MIDI-Unprocessed_Recital20_MID--AUDIO_20_R1_2018_wav--4.midi | Segments:  524 | Shape: (524, 64, 88)
[ 732/962] ✓ MIDI-Unprocessed_Recital4_MID--AUDIO_04_R1_2018_wav--5.midi | Segments:  425 | Shape: (425, 64, 88)
[ 733/962] ✓ MIDI-Unprocessed_Recital5-7_MID--AUDIO_05_R1_2018_wav--1.midi | Segments:  279 | Shape: (279, 64, 88)
[ 734/962] ✓ MIDI-Unprocessed_Recital5-7_MID--AUDIO_05_R1_2018_wav--2.midi | Segments:  389 | Shape: (389, 64, 88)
[ 735/962] ✓ MIDI-Unprocessed_Recital5-7_MID--AUDIO_06_R1_2018_wav--1.midi | Segments:  331 | Shape: (331, 64, 88)
[ 736/962] ✓ MIDI-Unprocessed_Recital5-7_MID--AUDIO_06_R1_2018_wav--2.midi | Segments:  362 | Shape: (362, 64, 88)
[ 737/962] ✓ MIDI-Unprocessed_Recital5-7_MID--AUDIO_07_R1_2018_wav--1.midi | Segments:  236 | Shape: (236, 64, 88)
[ 738/962] ✓ MIDI-Unprocessed_Recital5-7_MID--AUDIO_07_R1_2018_wav--2.midi | Segments:  280 | Shape: (280, 64, 88)
[ 739/962] ✓ MIDI-Unprocessed_Recital5-7_MID--AUDIO_07_R1_2018_wav--3.midi | Segments:   73 | Shape: (73, 64, 88)
[ 740/962] ✓ MIDI-Unprocessed_Recital5-7_MID--AUDIO_07_R1_2018_wav--4.midi | Segments:  455 | Shape: (455, 64, 88)
[ 741/962] ✓ MIDI-Unprocessed_Recital8_MID--AUDIO_08_R1_2018_wav--1.midi | Segments:  202 | Shape: (202, 64, 88)
[ 742/962] ✓ MIDI-Unprocessed_Recital8_MID--AUDIO_08_R1_2018_wav--3.midi | Segments:  155 | Shape: (155, 64, 88)
[ 743/962] ✓ MIDI-Unprocessed_Recital8_MID--AUDIO_08_R1_2018_wav--4.midi | Segments:  476 | Shape: (476, 64, 88)
[ 744/962] ✓ MIDI-Unprocessed_Recital9-11_MID--AUDIO_09_R1_2018_wav--6.midi | Segments:   48 | Shape: (48, 64, 88)
[ 745/962] ✓ MIDI-Unprocessed_Recital9-11_MID--AUDIO_10_R1_2018_wav--1.midi | Segments:  213 | Shape: (213, 64, 88)
[ 746/962] ✓ MIDI-Unprocessed_Recital9-11_MID--AUDIO_10_R1_2018_wav--2.midi | Segments:  265 | Shape: (265, 64, 88)
[ 747/962] ✓ MIDI-Unprocessed_Recital9-11_MID--AUDIO_10_R1_2018_wav--3.midi | Segments:   74 | Shape: (74, 64, 88)
[ 748/962] ✓ MIDI-Unprocessed_Recital9-11_MID--AUDIO_11_R1_2018_wav--1.midi | Segments:  142 | Shape: (142, 64, 88)
[ 749/962] ✓ MIDI-Unprocessed_Recital9-11_MID--AUDIO_11_R1_2018_wav--2.midi | Segments:  298 | Shape: (298, 64, 88)
[ 750/962] ✓ MIDI-Unprocessed_Recital9-11_MID--AUDIO_11_R1_2018_wav--5.midi | Segments:  471 | Shape: (471, 64, 88)
[ 751/962] ✓ MIDI-Unprocessed_SMF_02_R1_2004_01-05_ORIG_MID--AUDIO_02_R1_2004_05_Track05_wav.midi | Segments:  242 | Shape: (242, 64, 88)
[ 752/962] ✓ MIDI-Unprocessed_SMF_05_R1_2004_01_ORIG_MID--AUDIO_05_R1_2004_02_Track02_wav.midi | Segments:  352 | Shape: (352, 64, 88)
[ 753/962] ✓ MIDI-Unprocessed_SMF_05_R1_2004_01_ORIG_MID--AUDIO_05_R1_2004_03_Track03_wav.midi | Segments:   81 | Shape: (81, 64, 88)
[ 754/962] ✓ MIDI-Unprocessed_SMF_05_R1_2004_02-03_ORIG_MID--AUDIO_05_R1_2004_06_Track06_wav.midi | Segments:  155 | Shape: (155, 64, 88)
[ 755/962] ✓ MIDI-Unprocessed_SMF_07_R1_2004_01_ORIG_MID--AUDIO_07_R1_2004_02_Track02_wav.midi | Segments:  119 | Shape: (119, 64, 88)
[ 756/962] ✓ MIDI-Unprocessed_SMF_07_R1_2004_01_ORIG_MID--AUDIO_07_R1_2004_04_Track04_wav.midi | Segments:  248 | Shape: (248, 64, 88)
[ 757/962] ✓ MIDI-Unprocessed_SMF_07_R1_2004_01_ORIG_MID--AUDIO_07_R1_2004_06_Track06_wav.midi | Segments:  165 | Shape: (165, 64, 88)
[ 758/962] ✓ MIDI-Unprocessed_SMF_07_R1_2004_01_ORIG_MID--AUDIO_07_R1_2004_12_Track12_wav.midi | Segments:  165 | Shape: (165, 64, 88)
[ 759/962] ✓ MIDI-Unprocessed_SMF_12_01_2004_01-05_ORIG_MID--AUDIO_12_R1_2004_07_Track07_wav.midi | Segments:  137 | Shape: (137, 64, 88)
[ 760/962] ✓ MIDI-Unprocessed_SMF_12_01_2004_01-05_ORIG_MID--AUDIO_12_R1_2004_08_Track08_wav.midi | Segments:   84 | Shape: (84, 64, 88)
[ 761/962] ✓ MIDI-Unprocessed_SMF_12_01_2004_01-05_ORIG_MID--AUDIO_12_R1_2004_09_Track09_wav.midi | Segments:   64 | Shape: (64, 64, 88)
[ 762/962] ✓ MIDI-Unprocessed_SMF_12_01_2004_01-05_ORIG_MID--AUDIO_12_R1_2004_10_Track10_wav.midi | Segments:  171 | Shape: (171, 64, 88)
[ 763/962] ✓ MIDI-Unprocessed_SMF_13_01_2004_01-05_ORIG_MID--AUDIO_13_R1_2004_02_Track02_wav.midi | Segments:  208 | Shape: (208, 64, 88)
[ 764/962] ✓ MIDI-Unprocessed_SMF_13_01_2004_01-05_ORIG_MID--AUDIO_13_R1_2004_08_Track08_wav.midi | Segments:   75 | Shape: (75, 64, 88)
[ 765/962] ✓ MIDI-Unprocessed_SMF_13_01_2004_01-05_ORIG_MID--AUDIO_13_R1_2004_09_Track09_wav.midi | Segments:   86 | Shape: (86, 64, 88)
[ 766/962] ✓ MIDI-Unprocessed_SMF_13_01_2004_01-05_ORIG_MID--AUDIO_13_R1_2004_10_Track10_wav.midi | Segments:   34 | Shape: (34, 64, 88)
[ 767/962] ✓ MIDI-Unprocessed_SMF_16_R1_2004_01-08_ORIG_MID--AUDIO_16_R1_2004_05_Track05_wav.midi | Segments:   73 | Shape: (73, 64, 88)
[ 768/962] ✓ MIDI-Unprocessed_SMF_16_R1_2004_01-08_ORIG_MID--AUDIO_16_R1_2004_08_Track08_wav.midi | Segments:  299 | Shape: (299, 64, 88)
[ 769/962] ✓ MIDI-Unprocessed_SMF_16_R1_2004_01-08_ORIG_MID--AUDIO_16_R1_2004_13_Track13_wav.midi | Segments:  244 | Shape: (244, 64, 88)
[ 770/962] ✓ MIDI-Unprocessed_SMF_17_R1_2004_01-02_ORIG_MID--AUDIO_20_R2_2004_02_Track02_wav.midi | Segments:   77 | Shape: (77, 64, 88)
[ 771/962] ✓ MIDI-Unprocessed_SMF_17_R1_2004_01-02_ORIG_MID--AUDIO_20_R2_2004_04_Track04_wav.midi | Segments:  175 | Shape: (175, 64, 88)
[ 772/962] ✓ MIDI-Unprocessed_SMF_17_R1_2004_01-02_ORIG_MID--AUDIO_20_R2_2004_06_Track06_wav.midi | Segments:  176 | Shape: (176, 64, 88)
[ 773/962] ✓ MIDI-Unprocessed_SMF_17_R1_2004_01-03_ORIG_MID--AUDIO_17_R1_2004_02_Track02_wav--1.midi | Segments:   85 | Shape: (85, 64, 88)
[ 774/962] ✓ MIDI-Unprocessed_SMF_17_R1_2004_01-03_ORIG_MID--AUDIO_17_R1_2004_02_Track02_wav--2.midi | Segments:   92 | Shape: (92, 64, 88)
[ 775/962] ✓ MIDI-Unprocessed_SMF_17_R1_2004_01-03_ORIG_MID--AUDIO_17_R1_2004_03_Track03_wav.midi | Segments:  141 | Shape: (141, 64, 88)
[ 776/962] ✓ MIDI-Unprocessed_SMF_17_R1_2004_01-03_ORIG_MID--AUDIO_17_R1_2004_06_Track06_wav.midi | Segments:  136 | Shape: (136, 64, 88)
[ 777/962] ✓ MIDI-Unprocessed_SMF_17_R1_2004_03-06_ORIG_MID--AUDIO_20_R2_2004_08_Track08_wav.midi | Segments:   65 | Shape: (65, 64, 88)
[ 778/962] ✓ MIDI-Unprocessed_SMF_17_R1_2004_03-06_ORIG_MID--AUDIO_20_R2_2004_12_Track12_wav--2.midi | Segments:  129 | Shape: (129, 64, 88)
[ 779/962] ✓ MIDI-Unprocessed_SMF_17_R1_2004_04_ORIG_MID--AUDIO_17_R1_2004_09_Track09_wav.midi | Segments:  301 | Shape: (301, 64, 88)
[ 780/962] ✓ MIDI-Unprocessed_SMF_17_R1_2004_04_ORIG_MID--AUDIO_17_R1_2004_11_Track11_wav.midi | Segments:  151 | Shape: (151, 64, 88)
[ 781/962] ✓ MIDI-Unprocessed_SMF_22_R1_2004_01-04_ORIG_MID--AUDIO_22_R1_2004_03_Track03_wav.midi | Segments:  198 | Shape: (198, 64, 88)
[ 782/962] ✓ MIDI-Unprocessed_SMF_22_R1_2004_01-04_ORIG_MID--AUDIO_22_R1_2004_05_Track05_wav.midi | Segments:   32 | Shape: (32, 64, 88)
[ 783/962] ✓ MIDI-Unprocessed_SMF_22_R1_2004_01-04_ORIG_MID--AUDIO_22_R1_2004_10_Track10_wav.midi | Segments:  201 | Shape: (201, 64, 88)
[ 784/962] ✓ MIDI-Unprocessed_SMF_22_R1_2004_01-04_ORIG_MID--AUDIO_22_R1_2004_17_Track17_wav.midi | Segments:  251 | Shape: (251, 64, 88)
[ 785/962] ✓ MIDI-Unprocessed_Schubert1-3_MID--AUDIO_02_R2_2018_wav.midi | Segments:  461 | Shape: (461, 64, 88)
[ 786/962] ✓ MIDI-Unprocessed_Schubert1-3_MID--AUDIO_05_R2_2018_wav.midi | Segments:  435 | Shape: (435, 64, 88)
[ 787/962] ✓ MIDI-Unprocessed_Schubert1-3_MID--AUDIO_07_R2_2018_wav.midi | Segments:  561 | Shape: (561, 64, 88)
[ 788/962] ✓ MIDI-Unprocessed_Schubert10-12_MID--AUDIO_17_R2_2018_wav.midi | Segments:  474 | Shape: (474, 64, 88)
[ 789/962] ✓ MIDI-Unprocessed_Schubert10-12_MID--AUDIO_18_R2_2018_wav.midi | Segments:  497 | Shape: (497, 64, 88)
[ 790/962] ✓ MIDI-Unprocessed_Schubert10-12_MID--AUDIO_20_R2_2018_wav.midi | Segments:  587 | Shape: (587, 64, 88)
[ 791/962] ✓ MIDI-Unprocessed_Schubert4-6_MID--AUDIO_08_R2_2018_wav.midi | Segments:  437 | Shape: (437, 64, 88)
[ 792/962] ✓ MIDI-Unprocessed_Schubert4-6_MID--AUDIO_09_R2_2018_wav.midi | Segments:  640 | Shape: (640, 64, 88)
[ 793/962] ✓ MIDI-Unprocessed_Schubert4-6_MID--AUDIO_10_R2_2018_wav.midi | Segments:  605 | Shape: (605, 64, 88)
[ 794/962] ✓ MIDI-Unprocessed_Schubert7-9_MID--AUDIO_11_R2_2018_wav.midi | Segments:  407 | Shape: (407, 64, 88)
[ 795/962] ✓ MIDI-Unprocessed_Schubert7-9_MID--AUDIO_15_R2_2018_wav.midi | Segments:  520 | Shape: (520, 64, 88)
[ 796/962] ✓ MIDI-Unprocessed_Schubert7-9_MID--AUDIO_16_R2_2018_wav.midi | Segments:  439 | Shape: (439, 64, 88)
[ 797/962] ✓ MIDI-Unprocessed_XP_01_R1_2004_01-02_ORIG_MID--AUDIO_01_R1_2004_02_Track02_wav.midi | Segments:   90 | Shape: (90, 64, 88)
[ 798/962] ✓ MIDI-Unprocessed_XP_01_R1_2004_01-02_ORIG_MID--AUDIO_01_R1_2004_03_Track03_wav.midi | Segments:  183 | Shape: (183, 64, 88)
[ 799/962] ✓ MIDI-Unprocessed_XP_01_R1_2004_03_ORIG_MID--AUDIO_01_R1_2004_04_Track04_wav.midi | Segments:  425 | Shape: (425, 64, 88)
[ 800/962] ✓ MIDI-Unprocessed_XP_01_R1_2004_04-05_ORIG_MID--AUDIO_01_R1_2004_06_Track06_wav.midi | Segments:  162 | Shape: (162, 64, 88)
[ 801/962] ✓ MIDI-Unprocessed_XP_03_R1_2004_01-02_ORIG_MID--AUDIO_03_R1_2004_02_Track02_wav.midi | Segments:  489 | Shape: (489, 64, 88)
[ 802/962] ✓ MIDI-Unprocessed_XP_04_R1_2004_01-02_ORIG_MID--AUDIO_04_R1_2004_01_Track01_wav.midi | Segments:  370 | Shape: (370, 64, 88)
[ 803/962] ✓ MIDI-Unprocessed_XP_04_R1_2004_01-02_ORIG_MID--AUDIO_04_R1_2004_02_Track02_wav.midi | Segments:  157 | Shape: (157, 64, 88)
[ 804/962] ✓ MIDI-Unprocessed_XP_04_R1_2004_03-05_ORIG_MID--AUDIO_04_R1_2004_04_Track04_wav.midi | Segments:   90 | Shape: (90, 64, 88)
[ 805/962] ✓ MIDI-Unprocessed_XP_04_R1_2004_03-05_ORIG_MID--AUDIO_04_R1_2004_05_Track05_wav.midi | Segments:   73 | Shape: (73, 64, 88)
[ 806/962] ✓ MIDI-Unprocessed_XP_04_R2_2004_01_ORIG_MID--AUDIO_04_R2_2004_01_Track01_wav.midi | Segments:  256 | Shape: (256, 64, 88)
[ 807/962] ✓ MIDI-Unprocessed_XP_04_R2_2004_01_ORIG_MID--AUDIO_04_R2_2004_02_Track02_wav.midi | Segments:  325 | Shape: (325, 64, 88)
[ 808/962] ✓ MIDI-Unprocessed_XP_06_R1_2004_01_ORIG_MID--AUDIO_06_R1_2004_01_Track01_wav.midi | Segments:  599 | Shape: (599, 64, 88)
[ 809/962] ✓ MIDI-Unprocessed_XP_06_R1_2004_02-03_ORIG_MID--AUDIO_06_R1_2004_05_Track05_wav.midi | Segments:  187 | Shape: (187, 64, 88)
[ 810/962] ✓ MIDI-Unprocessed_XP_06_R2_2004_01_ORIG_MID--AUDIO_06_R2_2004_01_Track01_wav.midi | Segments:  173 | Shape: (173, 64, 88)
[ 811/962] ✓ MIDI-Unprocessed_XP_06_R2_2004_01_ORIG_MID--AUDIO_06_R2_2004_02_Track02_wav.midi | Segments:  131 | Shape: (131, 64, 88)
[ 812/962] ✓ MIDI-Unprocessed_XP_06_R2_2004_01_ORIG_MID--AUDIO_06_R2_2004_03_Track03_wav.midi | Segments:  186 | Shape: (186, 64, 88)
[ 813/962] ✓ MIDI-Unprocessed_XP_08_R1_2004_01-02_ORIG_MID--AUDIO_08_R1_2004_01_Track01_wav.midi | Segments:  180 | Shape: (180, 64, 88)
[ 814/962] ✓ MIDI-Unprocessed_XP_08_R1_2004_01-02_ORIG_MID--AUDIO_08_R1_2004_02_Track02_wav.midi | Segments:  314 | Shape: (314, 64, 88)
[ 815/962] ✓ MIDI-Unprocessed_XP_08_R1_2004_03_ORIG_MID--AUDIO_08_R1_2004_03_Track03_wav.midi | Segments:  176 | Shape: (176, 64, 88)
[ 816/962] ✓ MIDI-Unprocessed_XP_08_R1_2004_04-06_ORIG_MID--AUDIO_08_R1_2004_04_Track04_wav.midi | Segments:   42 | Shape: (42, 64, 88)
[ 817/962] ✓ MIDI-Unprocessed_XP_08_R1_2004_04-06_ORIG_MID--AUDIO_08_R1_2004_05_Track05_wav--2.midi | Segments:   39 | Shape: (39, 64, 88)
[ 818/962] ✓ MIDI-Unprocessed_XP_09_R1_2004_01-02_ORIG_MID--AUDIO_09_R1_2004_02_Track02_wav.midi | Segments:   79 | Shape: (79, 64, 88)
[ 819/962] ✓ MIDI-Unprocessed_XP_09_R1_2004_01-02_ORIG_MID--AUDIO_09_R1_2004_03_Track03_wav.midi | Segments:  113 | Shape: (113, 64, 88)
[ 820/962] ✓ MIDI-Unprocessed_XP_09_R1_2004_05_ORIG_MID--AUDIO_09_R1_2004_06_Track06_wav.midi | Segments:  123 | Shape: (123, 64, 88)
[ 821/962] ✓ MIDI-Unprocessed_XP_09_R1_2004_05_ORIG_MID--AUDIO_09_R1_2004_07_Track07_wav.midi | Segments:   38 | Shape: (38, 64, 88)
[ 822/962] ✓ MIDI-Unprocessed_XP_09_R1_2004_05_ORIG_MID--AUDIO_09_R1_2004_08_Track08_wav.midi | Segments:  192 | Shape: (192, 64, 88)
[ 823/962] ✓ MIDI-Unprocessed_XP_10_R1_2004_01-02_ORIG_MID--AUDIO_10_R1_2004_01_Track01_wav.midi | Segments:   50 | Shape: (50, 64, 88)
[ 824/962] ✓ MIDI-Unprocessed_XP_10_R1_2004_03-04_ORIG_MID--AUDIO_10_R1_2004_03_Track03_wav.midi | Segments:  159 | Shape: (159, 64, 88)
[ 825/962] ✓ MIDI-Unprocessed_XP_10_R1_2004_05_ORIG_MID--AUDIO_10_R1_2004_05_Track05_wav.midi | Segments:  360 | Shape: (360, 64, 88)
[ 826/962] ✓ MIDI-Unprocessed_XP_11_R1_2004_01-02_ORIG_MID--AUDIO_11_R1_2004_01_Track01_wav.midi | Segments:  172 | Shape: (172, 64, 88)
[ 827/962] ✓ MIDI-Unprocessed_XP_11_R1_2004_03-04_ORIG_MID--AUDIO_11_R1_2004_03_Track03_wav.midi | Segments:   77 | Shape: (77, 64, 88)
[ 828/962] ✓ MIDI-Unprocessed_XP_14_R1_2004_01-03_ORIG_MID--AUDIO_14_R1_2004_01_Track01_wav.midi | Segments:   68 | Shape: (68, 64, 88)
[ 829/962] ✓ MIDI-Unprocessed_XP_14_R1_2004_04_ORIG_MID--AUDIO_14_R1_2004_06_Track06_wav.midi | Segments:   28 | Shape: (28, 64, 88)
[ 830/962] ✓ MIDI-Unprocessed_XP_14_R2_2004_01_ORIG_MID--AUDIO_14_R2_2004_01_Track01_wav.midi | Segments:  225 | Shape: (225, 64, 88)
[ 831/962] ✓ MIDI-Unprocessed_XP_14_R2_2004_01_ORIG_MID--AUDIO_14_R2_2004_02_Track02_wav.midi | Segments:  148 | Shape: (148, 64, 88)
[ 832/962] ✓ MIDI-Unprocessed_XP_14_R2_2004_01_ORIG_MID--AUDIO_14_R2_2004_03_Track03_wav.midi | Segments:   56 | Shape: (56, 64, 88)
[ 833/962] ✓ MIDI-Unprocessed_XP_14_R2_2004_01_ORIG_MID--AUDIO_14_R2_2004_04_Track04_wav.midi | Segments:  114 | Shape: (114, 64, 88)
[ 834/962] ✓ MIDI-Unprocessed_XP_15_R1_2004_01-02_ORIG_MID--AUDIO_15_R1_2004_01_Track01_wav.midi | Segments:  133 | Shape: (133, 64, 88)
[ 835/962] ✓ MIDI-Unprocessed_XP_15_R1_2004_01-02_ORIG_MID--AUDIO_15_R1_2004_02_Track02_wav.midi | Segments:  362 | Shape: (362, 64, 88)
[ 836/962] ✓ MIDI-Unprocessed_XP_15_R1_2004_04_ORIG_MID--AUDIO_15_R1_2004_04_Track04_wav.midi | Segments:  292 | Shape: (292, 64, 88)
[ 837/962] ✓ MIDI-Unprocessed_XP_15_R2_2004_01_ORIG_MID--AUDIO_15_R2_2004_01_Track01_wav.midi | Segments:   99 | Shape: (99, 64, 88)
[ 838/962] ✓ MIDI-Unprocessed_XP_15_R2_2004_01_ORIG_MID--AUDIO_15_R2_2004_02_Track02_wav.midi | Segments:  170 | Shape: (170, 64, 88)
[ 839/962] ✓ MIDI-Unprocessed_XP_15_R2_2004_01_ORIG_MID--AUDIO_15_R2_2004_03_Track03_wav.midi | Segments:   87 | Shape: (87, 64, 88)
[ 840/962] ✓ MIDI-Unprocessed_XP_15_R2_2004_01_ORIG_MID--AUDIO_15_R2_2004_04_Track04_wav.midi | Segments:  110 | Shape: (110, 64, 88)
[ 841/962] ✓ MIDI-Unprocessed_XP_16_R2_2004_01_ORIG_MID--AUDIO_16_R2_2004_01_Track01_wav.midi | Segments:  229 | Shape: (229, 64, 88)
[ 842/962] ✓ MIDI-Unprocessed_XP_16_R2_2004_01_ORIG_MID--AUDIO_16_R2_2004_02_Track02_wav.midi | Segments:  143 | Shape: (143, 64, 88)
[ 843/962] ✓ MIDI-Unprocessed_XP_16_R2_2004_01_ORIG_MID--AUDIO_16_R2_2004_03_Track03_wav.midi | Segments:   60 | Shape: (60, 64, 88)
[ 844/962] ✓ MIDI-Unprocessed_XP_16_R2_2004_01_ORIG_MID--AUDIO_16_R2_2004_04_Track04_wav.midi | Segments:  122 | Shape: (122, 64, 88)
[ 845/962] ✓ MIDI-Unprocessed_XP_17_R2_2004_01_ORIG_MID--AUDIO_17_R2_2004_01_Track01_wav.midi | Segments:  187 | Shape: (187, 64, 88)
[ 846/962] ✓ MIDI-Unprocessed_XP_17_R2_2004_01_ORIG_MID--AUDIO_17_R2_2004_02_Track02_wav.midi | Segments:  104 | Shape: (104, 64, 88)
[ 847/962] ✓ MIDI-Unprocessed_XP_17_R2_2004_01_ORIG_MID--AUDIO_17_R2_2004_03_Track03_wav.midi | Segments:   56 | Shape: (56, 64, 88)
[ 848/962] ✓ MIDI-Unprocessed_XP_17_R2_2004_01_ORIG_MID--AUDIO_17_R2_2004_04_Track04_wav.midi | Segments:  127 | Shape: (127, 64, 88)
[ 849/962] ✓ MIDI-Unprocessed_XP_18_R1_2004_01-02_ORIG_MID--AUDIO_18_R1_2004_02_Track02_wav.midi | Segments:   52 | Shape: (52, 64, 88)
[ 850/962] ✓ MIDI-Unprocessed_XP_18_R1_2004_01-02_ORIG_MID--AUDIO_18_R1_2004_04_Track04_wav.midi | Segments:   35 | Shape: (35, 64, 88)
[ 851/962] ✓ MIDI-Unprocessed_XP_18_R1_2004_04_ORIG_MID--AUDIO_18_R1_2004_07_Track07_wav.midi | Segments:  360 | Shape: (360, 64, 88)
[ 852/962] ✓ MIDI-Unprocessed_XP_19_R2_2004_01_ORIG_MID--AUDIO_19_R2_2004_01_Track01_wav.midi | Segments:  113 | Shape: (113, 64, 88)
[ 853/962] ✓ MIDI-Unprocessed_XP_19_R2_2004_01_ORIG_MID--AUDIO_19_R2_2004_02_Track02_wav.midi | Segments:  116 | Shape: (116, 64, 88)
[ 854/962] ✓ MIDI-Unprocessed_XP_19_R2_2004_01_ORIG_MID--AUDIO_19_R2_2004_03_Track03_wav.midi | Segments:  176 | Shape: (176, 64, 88)
[ 855/962] ✓ MIDI-Unprocessed_XP_20_R2_2004_01_ORIG_MID--AUDIO_20_R1_2004_01_Track01_wav.midi | Segments:  188 | Shape: (188, 64, 88)
[ 856/962] ✓ MIDI-Unprocessed_XP_20_R2_2004_01_ORIG_MID--AUDIO_20_R1_2004_02_Track02_wav.midi | Segments:  108 | Shape: (108, 64, 88)
[ 857/962] ✓ MIDI-Unprocessed_XP_20_R2_2004_01_ORIG_MID--AUDIO_20_R1_2004_03_Track03_wav.midi | Segments:  171 | Shape: (171, 64, 88)
[ 858/962] ✓ MIDI-Unprocessed_XP_21_R1_2004_01_ORIG_MID--AUDIO_21_R1_2004_01_Track01_wav.midi | Segments:  218 | Shape: (218, 64, 88)
[ 859/962] ✓ MIDI-Unprocessed_XP_21_R1_2004_02_ORIG_MID--AUDIO_21_R1_2004_02_Track02_wav.midi | Segments:  124 | Shape: (124, 64, 88)
[ 860/962] ✓ MIDI-Unprocessed_XP_21_R1_2004_02_ORIG_MID--AUDIO_21_R1_2004_03_Track03_wav.midi | Segments:  195 | Shape: (195, 64, 88)
[ 861/962] ✓ MIDI-Unprocessed_XP_21_R1_2004_03_ORIG_MID--AUDIO_21_R1_2004_04_Track04_wav.midi | Segments:  494 | Shape: (494, 64, 88)
[ 862/962] ✓ MIDI-Unprocessed_XP_22_R2_2004_01_ORIG_MID--AUDIO_22_R2_2004_01_Track01_wav.midi | Segments:  115 | Shape: (115, 64, 88)
[ 863/962] ✓ MIDI-Unprocessed_XP_22_R2_2004_01_ORIG_MID--AUDIO_22_R2_2004_02_Track02_wav.midi | Segments:  116 | Shape: (116, 64, 88)
[ 864/962] ✓ MIDI-Unprocessed_XP_22_R2_2004_01_ORIG_MID--AUDIO_22_R2_2004_03_Track03_wav.midi | Segments:   38 | Shape: (38, 64, 88)
[ 865/962] ✓ MIDI-Unprocessed_XP_22_R2_2004_01_ORIG_MID--AUDIO_22_R2_2004_04_Track04_wav.midi | Segments:  136 | Shape: (136, 64, 88)
[ 866/962] ✓ ORIG-MIDI_01_7_10_13_Group_MID--AUDIO_02_R3_2013_wav--1.midi | Segments:  153 | Shape: (153, 64, 88)
[ 867/962] ✓ ORIG-MIDI_01_7_10_13_Group_MID--AUDIO_07_R3_2013_wav--2.midi | Segments:  200 | Shape: (200, 64, 88)
[ 868/962] ✓ ORIG-MIDI_01_7_10_13_Group_MID--AUDIO_07_R3_2013_wav--3.midi | Segments:  135 | Shape: (135, 64, 88)
[ 869/962] ✓ ORIG-MIDI_01_7_10_13_Group_MID--AUDIO_08_R3_2013_wav--1.midi | Segments:  150 | Shape: (150, 64, 88)
[ 870/962] ✓ ORIG-MIDI_01_7_10_13_Group_MID--AUDIO_08_R3_2013_wav--2.midi | Segments:  205 | Shape: (205, 64, 88)
[ 871/962] ✓ ORIG-MIDI_01_7_10_13_Group_MID--AUDIO_08_R3_2013_wav--3.midi | Segments:  127 | Shape: (127, 64, 88)
[ 872/962] ✓ ORIG-MIDI_01_7_6_13_Group__MID--AUDIO_01_R1_2013_wav--1.midi | Segments:  111 | Shape: (111, 64, 88)
[ 873/962] ✓ ORIG-MIDI_01_7_6_13_Group__MID--AUDIO_01_R1_2013_wav--2.midi | Segments:   82 | Shape: (82, 64, 88)
[ 874/962] ✓ ORIG-MIDI_01_7_6_13_Group__MID--AUDIO_02_R1_2013_wav--1.midi | Segments:   80 | Shape: (80, 64, 88)
[ 875/962] ✓ ORIG-MIDI_01_7_6_13_Group__MID--AUDIO_02_R1_2013_wav--2.midi | Segments:   81 | Shape: (81, 64, 88)
[ 876/962] ✓ ORIG-MIDI_01_7_6_13_Group__MID--AUDIO_02_R1_2013_wav--4.midi | Segments:   52 | Shape: (52, 64, 88)
[ 877/962] ✓ ORIG-MIDI_01_7_6_13_Group__MID--AUDIO_02_R1_2013_wav--5.midi | Segments:   63 | Shape: (63, 64, 88)
[ 878/962] ✓ ORIG-MIDI_01_7_6_13_Group__MID--AUDIO_03_R1_2013_wav--2.midi | Segments:  133 | Shape: (133, 64, 88)
[ 879/962] ✓ ORIG-MIDI_01_7_6_13_Group__MID--AUDIO_03_R1_2013_wav--3.midi | Segments:   31 | Shape: (31, 64, 88)
[ 880/962] ✓ ORIG-MIDI_01_7_6_13_Group__MID--AUDIO_04_R1_2013_wav--2.midi | Segments:   72 | Shape: (72, 64, 88)
[ 881/962] ✓ ORIG-MIDI_01_7_7_13_Group__MID--AUDIO_11_R1_2013_wav--2.midi | Segments:   59 | Shape: (59, 64, 88)
[ 882/962] ✓ ORIG-MIDI_01_7_7_13_Group__MID--AUDIO_11_R1_2013_wav--3.midi | Segments:   66 | Shape: (66, 64, 88)
[ 883/962] ✓ ORIG-MIDI_01_7_7_13_Group__MID--AUDIO_12_R1_2013_wav--1.midi | Segments:   52 | Shape: (52, 64, 88)
[ 884/962] ✓ ORIG-MIDI_01_7_7_13_Group__MID--AUDIO_12_R1_2013_wav--2.midi | Segments:   53 | Shape: (53, 64, 88)
[ 885/962] ✓ ORIG-MIDI_01_7_7_13_Group__MID--AUDIO_12_R1_2013_wav--3.midi | Segments:   71 | Shape: (71, 64, 88)
[ 886/962] ✓ ORIG-MIDI_01_7_7_13_Group__MID--AUDIO_12_R1_2013_wav--4.midi | Segments:   75 | Shape: (75, 64, 88)
[ 887/962] ✓ ORIG-MIDI_01_7_7_13_Group__MID--AUDIO_12_R1_2013_wav--5.midi | Segments:  112 | Shape: (112, 64, 88)
[ 888/962] ✓ ORIG-MIDI_01_7_7_13_Group__MID--AUDIO_13_R1_2013_wav--1.midi | Segments:   52 | Shape: (52, 64, 88)
[ 889/962] ✓ ORIG-MIDI_01_7_7_13_Group__MID--AUDIO_13_R1_2013_wav--2.midi | Segments:   99 | Shape: (99, 64, 88)
[ 890/962] ✓ ORIG-MIDI_01_7_7_13_Group__MID--AUDIO_13_R1_2013_wav--4.midi | Segments:  112 | Shape: (112, 64, 88)
[ 891/962] ✓ ORIG-MIDI_01_7_7_13_Group__MID--AUDIO_14_R1_2013_wav--3.midi | Segments:   27 | Shape: (27, 64, 88)
[ 892/962] ✓ ORIG-MIDI_01_7_7_13_Group__MID--AUDIO_14_R1_2013_wav--4.midi | Segments:  192 | Shape: (192, 64, 88)
[ 893/962] ✓ ORIG-MIDI_01_7_8_13_Group__MID--AUDIO_02_R2_2013_wav--1.midi | Segments:  158 | Shape: (158, 64, 88)
[ 894/962] ✓ ORIG-MIDI_01_7_8_13_Group__MID--AUDIO_02_R2_2013_wav--2.midi | Segments:   44 | Shape: (44, 64, 88)
[ 895/962] ✓ ORIG-MIDI_01_7_8_13_Group__MID--AUDIO_02_R2_2013_wav--3.midi | Segments:   60 | Shape: (60, 64, 88)
[ 896/962] ✓ ORIG-MIDI_01_7_8_13_Group__MID--AUDIO_03_R2_2013_wav--1.midi | Segments:  166 | Shape: (166, 64, 88)
[ 897/962] ✓ ORIG-MIDI_01_7_8_13_Group__MID--AUDIO_03_R2_2013_wav--2.midi | Segments:   67 | Shape: (67, 64, 88)
[ 898/962] ✓ ORIG-MIDI_01_7_8_13_Group__MID--AUDIO_04_R2_2013_wav--1.midi | Segments:  129 | Shape: (129, 64, 88)
[ 899/962] ✓ ORIG-MIDI_01_7_8_13_Group__MID--AUDIO_04_R2_2013_wav--3.midi | Segments:  187 | Shape: (187, 64, 88)
[ 900/962] ✓ ORIG-MIDI_01_7_8_13_Group__MID--AUDIO_07_R2_2013_wav--1.midi | Segments:  169 | Shape: (169, 64, 88)
[ 901/962] ✓ ORIG-MIDI_02_7_10_13_Group_MID--AUDIO_11_R3_2013_wav--1.midi | Segments:  166 | Shape: (166, 64, 88)
[ 902/962] ✓ ORIG-MIDI_02_7_10_13_Group_MID--AUDIO_11_R3_2013_wav--3.midi | Segments:  128 | Shape: (128, 64, 88)
[ 903/962] ✓ ORIG-MIDI_02_7_10_13_Group_MID--AUDIO_12_R3_2013_wav--1.midi | Segments:  165 | Shape: (165, 64, 88)
[ 904/962] ✓ ORIG-MIDI_02_7_10_13_Group_MID--AUDIO_12_R3_2013_wav--3.midi | Segments:   87 | Shape: (87, 64, 88)
[ 905/962] ✓ ORIG-MIDI_02_7_10_13_Group_MID--AUDIO_12_R3_2013_wav--4.midi | Segments:  193 | Shape: (193, 64, 88)
[ 906/962] ✓ ORIG-MIDI_02_7_10_13_Group_MID--AUDIO_14_R3_2013_wav--1.midi | Segments:  148 | Shape: (148, 64, 88)
[ 907/962] ✓ ORIG-MIDI_02_7_6_13_Group__MID--AUDIO_05_R1_2013_wav--1.midi | Segments:   88 | Shape: (88, 64, 88)
[ 908/962] ✓ ORIG-MIDI_02_7_6_13_Group__MID--AUDIO_05_R1_2013_wav--2.midi | Segments:  126 | Shape: (126, 64, 88)
[ 909/962] ✓ ORIG-MIDI_02_7_6_13_Group__MID--AUDIO_05_R1_2013_wav--3.midi | Segments:   66 | Shape: (66, 64, 88)
[ 910/962] ✓ ORIG-MIDI_02_7_6_13_Group__MID--AUDIO_06_R1_2013_wav--1.midi | Segments:   70 | Shape: (70, 64, 88)
[ 911/962] ✓ ORIG-MIDI_02_7_6_13_Group__MID--AUDIO_06_R1_2013_wav--3.midi | Segments:   17 | Shape: (17, 64, 88)
[ 912/962] ✓ ORIG-MIDI_02_7_6_13_Group__MID--AUDIO_07_R1_2013_wav--1.midi | Segments:   55 | Shape: (55, 64, 88)
[ 913/962] ✓ ORIG-MIDI_02_7_6_13_Group__MID--AUDIO_07_R1_2013_wav--2.midi | Segments:   69 | Shape: (69, 64, 88)
[ 914/962] ✓ ORIG-MIDI_02_7_6_13_Group__MID--AUDIO_07_R1_2013_wav--3.midi | Segments:   61 | Shape: (61, 64, 88)
[ 915/962] ✓ ORIG-MIDI_02_7_6_13_Group__MID--AUDIO_08_R1_2013_wav--1.midi | Segments:   39 | Shape: (39, 64, 88)
[ 916/962] ✓ ORIG-MIDI_02_7_6_13_Group__MID--AUDIO_08_R1_2013_wav--2.midi | Segments:   85 | Shape: (85, 64, 88)
[ 917/962] ✓ ORIG-MIDI_02_7_6_13_Group__MID--AUDIO_08_R1_2013_wav--3.midi | Segments:   29 | Shape: (29, 64, 88)
[ 918/962] ✓ ORIG-MIDI_02_7_7_13_Group__MID--AUDIO_15_R1_2013_wav--1.midi | Segments:   79 | Shape: (79, 64, 88)
[ 919/962] ✓ ORIG-MIDI_02_7_7_13_Group__MID--AUDIO_15_R1_2013_wav--2.midi | Segments:   83 | Shape: (83, 64, 88)
[ 920/962] ✓ ORIG-MIDI_02_7_7_13_Group__MID--AUDIO_15_R1_2013_wav--3.midi | Segments:   52 | Shape: (52, 64, 88)
[ 921/962] ✓ ORIG-MIDI_02_7_7_13_Group__MID--AUDIO_15_R1_2013_wav--4.midi | Segments:   74 | Shape: (74, 64, 88)
[ 922/962] ✓ ORIG-MIDI_02_7_7_13_Group__MID--AUDIO_16_R1_2013_wav--1.midi | Segments:   45 | Shape: (45, 64, 88)
[ 923/962] ✓ ORIG-MIDI_02_7_7_13_Group__MID--AUDIO_16_R1_2013_wav--3.midi | Segments:   58 | Shape: (58, 64, 88)
[ 924/962] ✓ ORIG-MIDI_02_7_7_13_Group__MID--AUDIO_17_R1_2013_wav--1.midi | Segments:   35 | Shape: (35, 64, 88)
[ 925/962] ✓ ORIG-MIDI_02_7_7_13_Group__MID--AUDIO_17_R1_2013_wav--2.midi | Segments:   80 | Shape: (80, 64, 88)
[ 926/962] ✓ ORIG-MIDI_02_7_7_13_Group__MID--AUDIO_17_R1_2013_wav--3.midi | Segments:   31 | Shape: (31, 64, 88)
[ 927/962] ✓ ORIG-MIDI_02_7_7_13_Group__MID--AUDIO_17_R1_2013_wav--4.midi | Segments:  164 | Shape: (164, 64, 88)
[ 928/962] ✓ ORIG-MIDI_02_7_7_13_Group__MID--AUDIO_18_R1_2013_wav--1.midi | Segments:   88 | Shape: (88, 64, 88)
[ 929/962] ✓ ORIG-MIDI_02_7_7_13_Group__MID--AUDIO_18_R1_2013_wav--3.midi | Segments:   65 | Shape: (65, 64, 88)
[ 930/962] ✓ ORIG-MIDI_02_7_7_13_Group__MID--AUDIO_18_R1_2013_wav--4.midi | Segments:   65 | Shape: (65, 64, 88)
[ 931/962] ✓ ORIG-MIDI_02_7_7_13_Group__MID--AUDIO_18_R1_2013_wav--5.midi | Segments:   62 | Shape: (62, 64, 88)
[ 932/962] ✓ ORIG-MIDI_02_7_7_13_Group__MID--AUDIO_19_R1_2013_wav--1.midi | Segments:  117 | Shape: (117, 64, 88)
[ 933/962] ✓ ORIG-MIDI_02_7_7_13_Group__MID--AUDIO_19_R1_2013_wav--3.midi | Segments:   28 | Shape: (28, 64, 88)
[ 934/962] ✓ ORIG-MIDI_02_7_8_13_Group__MID--AUDIO_08_R2_2013_wav--1.midi | Segments:  160 | Shape: (160, 64, 88)
[ 935/962] ✓ ORIG-MIDI_02_7_8_13_Group__MID--AUDIO_08_R2_2013_wav--2.midi | Segments:   48 | Shape: (48, 64, 88)
[ 936/962] ✓ ORIG-MIDI_02_7_8_13_Group__MID--AUDIO_08_R2_2013_wav--3.midi | Segments:   97 | Shape: (97, 64, 88)
[ 937/962] ✓ ORIG-MIDI_02_7_8_13_Group__MID--AUDIO_11_R2_2013_wav--1.midi | Segments:  118 | Shape: (118, 64, 88)
[ 938/962] ✓ ORIG-MIDI_02_7_8_13_Group__MID--AUDIO_11_R2_2013_wav--3.midi | Segments:  165 | Shape: (165, 64, 88)
[ 939/962] ✓ ORIG-MIDI_02_7_8_13_Group__MID--AUDIO_12_R2_2013_wav--1.midi | Segments:   66 | Shape: (66, 64, 88)
[ 940/962] ✓ ORIG-MIDI_02_7_8_13_Group__MID--AUDIO_12_R2_2013_wav--2.midi | Segments:  115 | Shape: (115, 64, 88)
[ 941/962] ✓ ORIG-MIDI_02_7_8_13_Group__MID--AUDIO_12_R2_2013_wav--3.midi | Segments:  147 | Shape: (147, 64, 88)
[ 942/962] ✓ ORIG-MIDI_02_7_8_13_Group__MID--AUDIO_14_R2_2013_wav--1.midi | Segments:   98 | Shape: (98, 64, 88)
[ 943/962] ✓ ORIG-MIDI_03_7_10_13_Group_MID--AUDIO_15_R3_2013_wav--1.midi | Segments:  153 | Shape: (153, 64, 88)
[ 944/962] ✓ ORIG-MIDI_03_7_10_13_Group_MID--AUDIO_17_R3_2013_wav--2.midi | Segments:  160 | Shape: (160, 64, 88)
[ 945/962] ✓ ORIG-MIDI_03_7_10_13_Group_MID--AUDIO_17_R3_2013_wav--3.midi | Segments:  334 | Shape: (334, 64, 88)
[ 946/962] ✓ ORIG-MIDI_03_7_10_13_Group_MID--AUDIO_18_R3_2013_wav--1.midi | Segments:  125 | Shape: (125, 64, 88)
[ 947/962] ✓ ORIG-MIDI_03_7_10_13_Group_MID--AUDIO_18_R3_2013_wav--2.midi | Segments:  229 | Shape: (229, 64, 88)
[ 948/962] ✓ ORIG-MIDI_03_7_10_13_Group_MID--AUDIO_18_R3_2013_wav--3.midi | Segments:  184 | Shape: (184, 64, 88)
[ 949/962] ✓ ORIG-MIDI_03_7_6_13_Group__MID--AUDIO_09_R1_2013_wav--1.midi | Segments:   55 | Shape: (55, 64, 88)
[ 950/962] ✓ ORIG-MIDI_03_7_6_13_Group__MID--AUDIO_09_R1_2013_wav--2.midi | Segments:   68 | Shape: (68, 64, 88)
[ 951/962] ✓ ORIG-MIDI_03_7_6_13_Group__MID--AUDIO_09_R1_2013_wav--4.midi | Segments:  162 | Shape: (162, 64, 88)
[ 952/962] ✓ ORIG-MIDI_03_7_6_13_Group__MID--AUDIO_10_R1_2013_wav--1.midi | Segments:   63 | Shape: (63, 64, 88)
[ 953/962] ✓ ORIG-MIDI_03_7_6_13_Group__MID--AUDIO_10_R1_2013_wav--2.midi | Segments:   69 | Shape: (69, 64, 88)
[ 954/962] ✓ ORIG-MIDI_03_7_6_13_Group__MID--AUDIO_10_R1_2013_wav--3.midi | Segments:   35 | Shape: (35, 64, 88)
[ 955/962] ✓ ORIG-MIDI_03_7_8_13_Group__MID--AUDIO_15_R2_2013_wav--1.midi | Segments:  143 | Shape: (143, 64, 88)
[ 956/962] ✓ ORIG-MIDI_03_7_8_13_Group__MID--AUDIO_15_R2_2013_wav--2.midi | Segments:  187 | Shape: (187, 64, 88)
[ 957/962] ✓ ORIG-MIDI_03_7_8_13_Group__MID--AUDIO_17_R2_2013_wav--2.midi | Segments:   89 | Shape: (89, 64, 88)
[ 958/962] ✓ ORIG-MIDI_03_7_8_13_Group__MID--AUDIO_17_R2_2013_wav--3.midi | Segments:  186 | Shape: (186, 64, 88)
[ 959/962] ✓ ORIG-MIDI_03_7_8_13_Group__MID--AUDIO_18_R2_2013_wav--1.midi | Segments:  179 | Shape: (179, 64, 88)
[ 960/962] ✓ ORIG-MIDI_03_7_8_13_Group__MID--AUDIO_18_R2_2013_wav--4.midi | Segments:  132 | Shape: (132, 64, 88)
[ 961/962] ✓ ORIG-MIDI_03_7_8_13_Group__MID--AUDIO_19_R2_2013_wav--1.midi | Segments:  111 | Shape: (111, 64, 88)
[ 962/962] ✓ ORIG-MIDI_03_7_8_13_Group__MID--AUDIO_19_R2_2013_wav--3.midi | Segments:  141 | Shape: (141, 64, 88)

----------------------------------------------------------------------
✓ Processed: 962 files
✗ Failed:    0 files
Metadata saved to: data/preprocessed_output/metadata/train_metadata.json
----------------------------------------------------------------------


======================================================================
Processing 177 test files
======================================================================
[   1/177] ✓ MIDI-UNPROCESSED_01-03_R1_2014_MID--AUDIO_01_R1_2014_wav--1.midi | Segments:   34 | Shape: (34, 64, 88)
[   2/177] ✓ MIDI-UNPROCESSED_01-03_R1_2014_MID--AUDIO_01_R1_2014_wav--2.midi | Segments:   37 | Shape: (37, 64, 88)
[   3/177] ✓ MIDI-UNPROCESSED_01-03_R1_2014_MID--AUDIO_02_R1_2014_wav--4.midi | Segments:  159 | Shape: (159, 64, 88)
[   4/177] ✓ MIDI-UNPROCESSED_01-03_R1_2014_MID--AUDIO_03_R1_2014_wav--4.midi | Segments:   88 | Shape: (88, 64, 88)
[   5/177] ✓ MIDI-UNPROCESSED_04-05_R1_2014_MID--AUDIO_04_R1_2014_wav--2.midi | Segments:  301 | Shape: (301, 64, 88)
[   6/177] ✓ MIDI-UNPROCESSED_04-05_R1_2014_MID--AUDIO_04_R1_2014_wav--5.midi | Segments:   49 | Shape: (49, 64, 88)
[   7/177] ✓ MIDI-UNPROCESSED_09-10_R1_2014_MID--AUDIO_09_R1_2014_wav--4.midi | Segments:  213 | Shape: (213, 64, 88)
[   8/177] ✓ MIDI-UNPROCESSED_11-13_R1_2014_MID--AUDIO_11_R1_2014_wav--1.midi | Segments:   54 | Shape: (54, 64, 88)
[   9/177] ✓ MIDI-UNPROCESSED_11-13_R1_2014_MID--AUDIO_13_R1_2014_wav--4.midi | Segments:  101 | Shape: (101, 64, 88)
[  10/177] ✓ MIDI-UNPROCESSED_11-13_R1_2014_MID--AUDIO_13_R1_2014_wav--6.midi | Segments:  244 | Shape: (244, 64, 88)
[  11/177] ✓ MIDI-UNPROCESSED_14-15_R1_2014_MID--AUDIO_15_R1_2014_wav--2.midi | Segments:   84 | Shape: (84, 64, 88)
[  12/177] ✓ MIDI-UNPROCESSED_19-20-21_R2_2014_MID--AUDIO_20_R2_2014_wav.midi | Segments:  396 | Shape: (396, 64, 88)
[  13/177] ✓ MIDI-UNPROCESSED_19-20_R1_2014_MID--AUDIO_19_R1_2014_wav--8.midi | Segments:   73 | Shape: (73, 64, 88)
[  14/177] ✓ MIDI-UNPROCESSED_19-21_R3_2014_MID--AUDIO_21_R3_2014_wav--1.midi | Segments:   60 | Shape: (60, 64, 88)
[  15/177] ✓ MIDI-Unprocessed_01_R1_2006_01-09_ORIG_MID--AUDIO_01_R1_2006_02_Track02_wav.midi | Segments:   93 | Shape: (93, 64, 88)
[  16/177] ✓ MIDI-Unprocessed_01_R1_2006_01-09_ORIG_MID--AUDIO_01_R1_2006_04_Track04_wav.midi | Segments:  119 | Shape: (119, 64, 88)
[  17/177] ✓ MIDI-Unprocessed_01_R1_2009_01-04_ORIG_MID--AUDIO_01_R1_2009_01_R1_2009_04_WAV.midi | Segments:  181 | Shape: (181, 64, 88)
[  18/177] ✓ MIDI-Unprocessed_02_R1_2009_03-06_ORIG_MID--AUDIO_02_R1_2009_02_R1_2009_03_WAV.midi | Segments:   87 | Shape: (87, 64, 88)
[  19/177] ✓ MIDI-Unprocessed_02_R1_2009_03-06_ORIG_MID--AUDIO_02_R1_2009_02_R1_2009_04_WAV.midi | Segments:   35 | Shape: (35, 64, 88)
[  20/177] ✓ MIDI-Unprocessed_02_R1_2011_MID--AUDIO_R1-D1_10_Track10_wav.midi | Segments:   38 | Shape: (38, 64, 88)
[  21/177] ✓ MIDI-Unprocessed_02_R2_2011_MID--AUDIO_R2-D1_02_Track02_wav.midi | Segments:   82 | Shape: (82, 64, 88)
[  22/177] ✓ MIDI-Unprocessed_03_R1_2006_01-05_ORIG_MID--AUDIO_03_R1_2006_04_Track04_wav.midi | Segments:  235 | Shape: (235, 64, 88)
[  23/177] ✓ MIDI-Unprocessed_03_R1_2008_01-04_ORIG_MID--AUDIO_03_R1_2008_wav--1.midi | Segments:   90 | Shape: (90, 64, 88)
[  24/177] ✓ MIDI-Unprocessed_03_R1_2009_03-08_ORIG_MID--AUDIO_03_R1_2009_03_R1_2009_03_WAV.midi | Segments:  110 | Shape: (110, 64, 88)
[  25/177] ✓ MIDI-Unprocessed_03_R2_2011_MID--AUDIO_R2-D1_06_Track06_wav.midi | Segments:   32 | Shape: (32, 64, 88)
[  26/177] ✓ MIDI-Unprocessed_044_PIANO044_MID--AUDIO-split_07-06-17_Piano-e_1-04_wav--2.midi | Segments:  113 | Shape: (113, 64, 88)
[  27/177] ✓ MIDI-Unprocessed_046_PIANO046_MID--AUDIO-split_07-06-17_Piano-e_2-02_wav--2.midi | Segments:   70 | Shape: (70, 64, 88)
[  28/177] ✓ MIDI-Unprocessed_049_PIANO049_MID--AUDIO-split_07-06-17_Piano-e_2-06_wav--2.midi | Segments:   76 | Shape: (76, 64, 88)
[  29/177] ✓ MIDI-Unprocessed_04_R1_2008_01-04_ORIG_MID--AUDIO_04_R1_2008_wav--4.midi | Segments:  158 | Shape: (158, 64, 88)
[  30/177] ✓ MIDI-Unprocessed_04_R1_2011_MID--AUDIO_R1-D2_03_Track03_wav.midi | Segments:   74 | Shape: (74, 64, 88)
[  31/177] ✓ MIDI-Unprocessed_04_R2_2008_01-04_ORIG_MID--AUDIO_04_R2_2008_wav--3.midi | Segments:  100 | Shape: (100, 64, 88)
[  32/177] ✓ MIDI-Unprocessed_04_R3_2008_01-07_ORIG_MID--AUDIO_04_R3_2008_wav--3.midi | Segments:   65 | Shape: (65, 64, 88)
[  33/177] ✓ MIDI-Unprocessed_04_R3_2008_01-07_ORIG_MID--AUDIO_04_R3_2008_wav--6.midi | Segments:   76 | Shape: (76, 64, 88)
[  34/177] ✓ MIDI-Unprocessed_04_R3_2008_01-07_ORIG_MID--AUDIO_04_R3_2008_wav--7.midi | Segments:  152 | Shape: (152, 64, 88)
[  35/177] ✓ MIDI-Unprocessed_04_R3_2011_MID--AUDIO_R3-D2_05_Track05_wav.midi | Segments:   52 | Shape: (52, 64, 88)
[  36/177] ✓ MIDI-Unprocessed_052_PIANO052_MID--AUDIO-split_07-06-17_Piano-e_3-03_wav--3.midi | Segments:   75 | Shape: (75, 64, 88)
[  37/177] ✓ MIDI-Unprocessed_053_PIANO053_MID--AUDIO-split_07-06-17_Piano-e_3-04_wav--1.midi | Segments:   52 | Shape: (52, 64, 88)
[  38/177] ✓ MIDI-Unprocessed_056_PIANO056_MID--AUDIO-split_07-07-17_Piano-e_1-05_wav--1.midi | Segments:   67 | Shape: (67, 64, 88)
[  39/177] ✓ MIDI-Unprocessed_057_PIANO057_MID--AUDIO-split_07-07-17_Piano-e_1-07_wav--3.midi | Segments:   75 | Shape: (75, 64, 88)
[  40/177] ✓ MIDI-Unprocessed_059_PIANO059_MID--AUDIO-split_07-07-17_Piano-e_2-03_wav--4.midi | Segments:  165 | Shape: (165, 64, 88)
[  41/177] ✓ MIDI-Unprocessed_05_R1_2008_01-04_ORIG_MID--AUDIO_05_R1_2008_wav--2.midi | Segments:   70 | Shape: (70, 64, 88)
[  42/177] ✓ MIDI-Unprocessed_05_R1_2008_01-04_ORIG_MID--AUDIO_05_R1_2008_wav--3.midi | Segments:   87 | Shape: (87, 64, 88)
[  43/177] ✓ MIDI-Unprocessed_05_R1_2008_01-04_ORIG_MID--AUDIO_05_R1_2008_wav--4.midi | Segments:   69 | Shape: (69, 64, 88)
[  44/177] ✓ MIDI-Unprocessed_05_R1_2011_MID--AUDIO_R1-D2_10_Track10_wav.midi | Segments:   46 | Shape: (46, 64, 88)
[  45/177] ✓ MIDI-Unprocessed_05_R1_2011_MID--AUDIO_R1-D2_12_Track12_wav.midi | Segments:  125 | Shape: (125, 64, 88)
[  46/177] ✓ MIDI-Unprocessed_065_PIANO065_MID--AUDIO-split_07-07-17_Piano-e_3-01_wav--2.midi | Segments:  112 | Shape: (112, 64, 88)
[  47/177] ✓ MIDI-Unprocessed_065_PIANO065_MID--AUDIO-split_07-07-17_Piano-e_3-01_wav--3.midi | Segments:   66 | Shape: (66, 64, 88)
[  48/177] ✓ MIDI-Unprocessed_066_PIANO066_MID--AUDIO-split_07-07-17_Piano-e_3-02_wav--2.midi | Segments:   88 | Shape: (88, 64, 88)
[  49/177] ✓ MIDI-Unprocessed_06_R1_2006_01-04_ORIG_MID--AUDIO_06_R1_2006_02_Track02_wav.midi | Segments:   77 | Shape: (77, 64, 88)
[  50/177] ✓ MIDI-Unprocessed_06_R1_2008_01-04_ORIG_MID--AUDIO_06_R1_2008_wav--2.midi | Segments:  101 | Shape: (101, 64, 88)
[  51/177] ✓ MIDI-Unprocessed_06_R1_2008_01-04_ORIG_MID--AUDIO_06_R1_2008_wav--3.midi | Segments:   55 | Shape: (55, 64, 88)
[  52/177] ✓ MIDI-Unprocessed_071_PIANO071_MID--AUDIO-split_07-08-17_Piano-e_1-04_wav--2.midi | Segments:   86 | Shape: (86, 64, 88)
[  53/177] ✓ MIDI-Unprocessed_072_PIANO072_MID--AUDIO-split_07-08-17_Piano-e_1-06_wav--2.midi | Segments:   94 | Shape: (94, 64, 88)
[  54/177] ✓ MIDI-Unprocessed_075_PIANO075_MID--AUDIO-split_07-08-17_Piano-e_2-06_wav--3.midi | Segments:   96 | Shape: (96, 64, 88)
[  55/177] ✓ MIDI-Unprocessed_078_PIANO078_MID--AUDIO-split_07-09-17_Piano-e_1-02_wav--2.midi | Segments:  225 | Shape: (225, 64, 88)
[  56/177] ✓ MIDI-Unprocessed_07_R1_2006_01-04_ORIG_MID--AUDIO_07_R1_2006_04_Track04_wav.midi | Segments:  248 | Shape: (248, 64, 88)
[  57/177] ✓ MIDI-Unprocessed_07_R1_2009_01-03_ORIG_MID--AUDIO_07_R1_2009_07_R1_2009_03_WAV.midi | Segments:  195 | Shape: (195, 64, 88)
[  58/177] ✓ MIDI-Unprocessed_07_R1_2011_MID--AUDIO_R1-D3_02_Track02_wav.midi | Segments:   54 | Shape: (54, 64, 88)
[  59/177] ✓ MIDI-Unprocessed_07_R1_2011_MID--AUDIO_R1-D3_03_Track03_wav.midi | Segments:   34 | Shape: (34, 64, 88)
[  60/177] ✓ MIDI-Unprocessed_080_PIANO080_MID--AUDIO-split_07-09-17_Piano-e_1-06_wav--3.midi | Segments:  301 | Shape: (301, 64, 88)
[  61/177] ✓ MIDI-Unprocessed_083_PIANO083_MID--AUDIO-split_07-09-17_Piano-e_2_-06_wav--1.midi | Segments:   59 | Shape: (59, 64, 88)
[  62/177] ✓ MIDI-Unprocessed_083_PIANO083_MID--AUDIO-split_07-09-17_Piano-e_2_-06_wav--3.midi | Segments:   77 | Shape: (77, 64, 88)
[  63/177] ✓ MIDI-Unprocessed_08_R1_2008_01-05_ORIG_MID--AUDIO_08_R1_2008_wav--2.midi | Segments:   74 | Shape: (74, 64, 88)
[  64/177] ✓ MIDI-Unprocessed_08_R1_2008_01-05_ORIG_MID--AUDIO_08_R1_2008_wav--3.midi | Segments:   41 | Shape: (41, 64, 88)
[  65/177] ✓ MIDI-Unprocessed_08_R1_2009_01-04_ORIG_MID--AUDIO_08_R1_2009_08_R1_2009_03_WAV.midi | Segments:   59 | Shape: (59, 64, 88)
[  66/177] ✓ MIDI-Unprocessed_08_R1_2009_01-04_ORIG_MID--AUDIO_08_R1_2009_08_R1_2009_04_WAV.midi | Segments:   68 | Shape: (68, 64, 88)
[  67/177] ✓ MIDI-Unprocessed_09_R1_2008_01-05_ORIG_MID--AUDIO_09_R1_2008_wav--2.midi | Segments:   88 | Shape: (88, 64, 88)
[  68/177] ✓ MIDI-Unprocessed_09_R1_2009_01-04_ORIG_MID--AUDIO_09_R1_2009_09_R1_2009_03_WAV.midi | Segments:  230 | Shape: (230, 64, 88)
[  69/177] ✓ MIDI-Unprocessed_09_R1_2011_MID--AUDIO_R1-D3_13_Track13_wav.midi | Segments:   69 | Shape: (69, 64, 88)
[  70/177] ✓ MIDI-Unprocessed_09_R2_2008_01-05_ORIG_MID--AUDIO_09_R2_2008_wav--3.midi | Segments:  106 | Shape: (106, 64, 88)
[  71/177] ✓ MIDI-Unprocessed_09_R3_2008_01-07_ORIG_MID--AUDIO_09_R3_2008_wav--1.midi | Segments:   52 | Shape: (52, 64, 88)
[  72/177] ✓ MIDI-Unprocessed_09_R3_2008_01-07_ORIG_MID--AUDIO_09_R3_2008_wav--2.midi | Segments:   16 | Shape: (16, 64, 88)
[  73/177] ✓ MIDI-Unprocessed_10_R1_2006_01-04_ORIG_MID--AUDIO_10_R1_2006_03_Track03_wav.midi | Segments:  315 | Shape: (315, 64, 88)
[  74/177] ✓ MIDI-Unprocessed_10_R1_2008_01-04_ORIG_MID--AUDIO_10_R1_2008_wav--2.midi | Segments:  107 | Shape: (107, 64, 88)
[  75/177] ✓ MIDI-Unprocessed_10_R2_2008_01-05_ORIG_MID--AUDIO_10_R2_2008_wav--1.midi | Segments:   24 | Shape: (24, 64, 88)
[  76/177] ✓ MIDI-Unprocessed_10_R2_2008_01-05_ORIG_MID--AUDIO_10_R2_2008_wav--2.midi | Segments:   34 | Shape: (34, 64, 88)
[  77/177] ✓ MIDI-Unprocessed_10_R2_2008_01-05_ORIG_MID--AUDIO_10_R2_2008_wav--4.midi | Segments:   85 | Shape: (85, 64, 88)
[  78/177] ✓ MIDI-Unprocessed_11_R1_2009_01-05_ORIG_MID--AUDIO_11_R1_2009_11_R1_2009_04_WAV.midi | Segments:   67 | Shape: (67, 64, 88)
[  79/177] ✓ MIDI-Unprocessed_11_R1_2009_06-09_ORIG_MID--AUDIO_11_R1_2009_11_R1_2009_07_WAV.midi | Segments:   40 | Shape: (40, 64, 88)
[  80/177] ✓ MIDI-Unprocessed_11_R1_2009_06-09_ORIG_MID--AUDIO_11_R1_2009_11_R1_2009_08_WAV.midi | Segments:  130 | Shape: (130, 64, 88)
[  81/177] ✓ MIDI-Unprocessed_11_R1_2011_MID--AUDIO_R1-D4_07_Track07_wav.midi | Segments:   74 | Shape: (74, 64, 88)
[  82/177] ✓ MIDI-Unprocessed_11_R3_2008_01-04_ORIG_MID--AUDIO_11_R3_2008_wav--1.midi | Segments:   95 | Shape: (95, 64, 88)
[  83/177] ✓ MIDI-Unprocessed_12_R1_2006_01-08_ORIG_MID--AUDIO_12_R1_2006_07_Track07_wav.midi | Segments:   51 | Shape: (51, 64, 88)
[  84/177] ✓ MIDI-Unprocessed_12_R1_2008_01-04_ORIG_MID--AUDIO_12_R1_2008_wav--1.midi | Segments:   75 | Shape: (75, 64, 88)
[  85/177] ✓ MIDI-Unprocessed_12_R1_2008_01-04_ORIG_MID--AUDIO_12_R1_2008_wav--4.midi | Segments:  167 | Shape: (167, 64, 88)
[  86/177] ✓ MIDI-Unprocessed_12_R3_2008_01-04_ORIG_MID--AUDIO_12_R3_2008_wav--3.midi | Segments:   42 | Shape: (42, 64, 88)
[  87/177] ✓ MIDI-Unprocessed_13_R1_2008_01-04_ORIG_MID--AUDIO_13_R1_2008_wav--1.midi | Segments:   58 | Shape: (58, 64, 88)
[  88/177] ✓ MIDI-Unprocessed_14_R1_2008_01-05_ORIG_MID--AUDIO_14_R1_2008_wav--1.midi | Segments:   57 | Shape: (57, 64, 88)
[  89/177] ✓ MIDI-Unprocessed_14_R1_2008_01-05_ORIG_MID--AUDIO_14_R1_2008_wav--3.midi | Segments:   43 | Shape: (43, 64, 88)
[  90/177] ✓ MIDI-Unprocessed_14_R1_2011_MID--AUDIO_R1-D6_04_Track04_wav.midi | Segments:   88 | Shape: (88, 64, 88)
[  91/177] ✓ MIDI-Unprocessed_15_R1_2006_01-05_ORIG_MID--AUDIO_15_R1_2006_02_Track02_wav.midi | Segments:  165 | Shape: (165, 64, 88)
[  92/177] ✓ MIDI-Unprocessed_15_R1_2009_01-02_ORIG_MID--AUDIO_15_R1_2009_15_R1_2009_02_WAV.midi | Segments:  361 | Shape: (361, 64, 88)
[  93/177] ✓ MIDI-Unprocessed_16_R1_2006_01-04_ORIG_MID--AUDIO_16_R1_2006_02_Track02_wav.midi | Segments:  126 | Shape: (126, 64, 88)
[  94/177] ✓ MIDI-Unprocessed_16_R2_2009_01_ORIG_MID--AUDIO_16_R2_2009_16_R2_2009_01_WAV.midi | Segments:  176 | Shape: (176, 64, 88)
[  95/177] ✓ MIDI-Unprocessed_16_R2_2009_01_ORIG_MID--AUDIO_16_R2_2009_16_R2_2009_02_WAV.midi | Segments:  135 | Shape: (135, 64, 88)
[  96/177] ✓ MIDI-Unprocessed_16_R2_2009_01_ORIG_MID--AUDIO_16_R2_2009_16_R2_2009_04_WAV.midi | Segments:  132 | Shape: (132, 64, 88)
[  97/177] ✓ MIDI-Unprocessed_17_R1_2006_01-06_ORIG_MID--AUDIO_17_R1_2006_02_Track02_wav.midi | Segments:  194 | Shape: (194, 64, 88)
[  98/177] ✓ MIDI-Unprocessed_17_R1_2008_01-04_ORIG_MID--AUDIO_17_R1_2008_wav--2.midi | Segments:   69 | Shape: (69, 64, 88)
[  99/177] ✓ MIDI-Unprocessed_17_R1_2008_01-04_ORIG_MID--AUDIO_17_R1_2008_wav--3.midi | Segments:   59 | Shape: (59, 64, 88)
[ 100/177] ✓ MIDI-Unprocessed_17_R1_2009_01-03_ORIG_MID--AUDIO_17_R1_2009_17_R1_2009_01_WAV.midi | Segments:  188 | Shape: (188, 64, 88)
[ 101/177] ✓ MIDI-Unprocessed_17_R1_2009_01-03_ORIG_MID--AUDIO_17_R1_2009_17_R1_2009_02_WAV.midi | Segments:  107 | Shape: (107, 64, 88)
[ 102/177] ✓ MIDI-Unprocessed_17_R2_2008_01-04_ORIG_MID--AUDIO_17_R2_2008_wav--1.midi | Segments:   58 | Shape: (58, 64, 88)
[ 103/177] ✓ MIDI-Unprocessed_18_R1_2008_01-04_ORIG_MID--AUDIO_18_R1_2008_wav--2.midi | Segments:   88 | Shape: (88, 64, 88)
[ 104/177] ✓ MIDI-Unprocessed_18_R1_2011_MID--AUDIO_R1-D7_07_Track07_wav.midi | Segments:   43 | Shape: (43, 64, 88)
[ 105/177] ✓ MIDI-Unprocessed_19_R1_2011_MID--AUDIO_R1-D7_15_Track15_wav.midi | Segments:  152 | Shape: (152, 64, 88)
[ 106/177] ✓ MIDI-Unprocessed_20_R1_2009_01-05_ORIG_MID--AUDIO_20_R1_2009_20_R1_2009_02_WAV.midi | Segments:   98 | Shape: (98, 64, 88)
[ 107/177] ✓ MIDI-Unprocessed_22_R2_2011_MID--AUDIO_R2-D5_10_Track10_wav.midi | Segments:   73 | Shape: (73, 64, 88)
[ 108/177] ✓ MIDI-Unprocessed_22_R2_2011_MID--AUDIO_R2-D5_11_Track11_wav.midi | Segments:   95 | Shape: (95, 64, 88)
[ 109/177] ✓ MIDI-Unprocessed_23_R1_2011_MID--AUDIO_R1-D9_03_Track03_wav.midi | Segments:   68 | Shape: (68, 64, 88)
[ 110/177] ✓ MIDI-Unprocessed_23_R2_2011_MID--AUDIO_R2-D6_03_Track03_wav.midi | Segments:   80 | Shape: (80, 64, 88)
[ 111/177] ✓ MIDI-Unprocessed_23_R3_2011_MID--AUDIO_R3-D8_04_Track04_wav.midi | Segments:  109 | Shape: (109, 64, 88)
[ 112/177] ✓ MIDI-Unprocessed_24_R1_2006_01-05_ORIG_MID--AUDIO_24_R1_2006_03_Track03_wav.midi | Segments:  107 | Shape: (107, 64, 88)
[ 113/177] ✓ MIDI-Unprocessed_24_R1_2011_MID--AUDIO_R1-D9_11_Track11_wav.midi | Segments:   31 | Shape: (31, 64, 88)
[ 114/177] ✓ MIDI-Unprocessed_R1_D1-1-8_mid--AUDIO-from_mp3_02_R1_2015_wav--1.midi | Segments:   57 | Shape: (57, 64, 88)
[ 115/177] ✓ MIDI-Unprocessed_R1_D1-1-8_mid--AUDIO-from_mp3_04_R1_2015_wav--2.midi | Segments:   75 | Shape: (75, 64, 88)
[ 116/177] ✓ MIDI-Unprocessed_R1_D1-1-8_mid--AUDIO-from_mp3_05_R1_2015_wav--3.midi | Segments:  111 | Shape: (111, 64, 88)
[ 117/177] ✓ MIDI-Unprocessed_R1_D1-1-8_mid--AUDIO-from_mp3_05_R1_2015_wav--4.midi | Segments:   39 | Shape: (39, 64, 88)
[ 118/177] ✓ MIDI-Unprocessed_R1_D1-1-8_mid--AUDIO-from_mp3_06_R1_2015_wav--2.midi | Segments:  219 | Shape: (219, 64, 88)
[ 119/177] ✓ MIDI-Unprocessed_R1_D1-1-8_mid--AUDIO-from_mp3_06_R1_2015_wav--6.midi | Segments:   34 | Shape: (34, 64, 88)
[ 120/177] ✓ MIDI-Unprocessed_R1_D1-1-8_mid--AUDIO-from_mp3_07_R1_2015_wav--1.midi | Segments:   69 | Shape: (69, 64, 88)
[ 121/177] ✓ MIDI-Unprocessed_R1_D1-9-12_mid--AUDIO-from_mp3_09_R1_2015_wav--2.midi | Segments:  224 | Shape: (224, 64, 88)
[ 122/177] ✓ MIDI-Unprocessed_R1_D1-9-12_mid--AUDIO-from_mp3_11_R1_2015_wav--2.midi | Segments:   50 | Shape: (50, 64, 88)
[ 123/177] ✓ MIDI-Unprocessed_R1_D1-9-12_mid--AUDIO-from_mp3_11_R1_2015_wav--3.midi | Segments:   37 | Shape: (37, 64, 88)
[ 124/177] ✓ MIDI-Unprocessed_R1_D1-9-12_mid--AUDIO-from_mp3_11_R1_2015_wav--5.midi | Segments:   27 | Shape: (27, 64, 88)
[ 125/177] ✓ MIDI-Unprocessed_R1_D1-9-12_mid--AUDIO-from_mp3_12_R1_2015_wav--3.midi | Segments:   60 | Shape: (60, 64, 88)
[ 126/177] ✓ MIDI-Unprocessed_R1_D2-13-20_mid--AUDIO-from_mp3_15_R1_2015_wav--4.midi | Segments:   76 | Shape: (76, 64, 88)
[ 127/177] ✓ MIDI-Unprocessed_R1_D2-13-20_mid--AUDIO-from_mp3_16_R1_2015_wav--2.midi | Segments:   59 | Shape: (59, 64, 88)
[ 128/177] ✓ MIDI-Unprocessed_R1_D2-13-20_mid--AUDIO-from_mp3_17_R1_2015_wav--3.midi | Segments:   71 | Shape: (71, 64, 88)
[ 129/177] ✓ MIDI-Unprocessed_R1_D2-21-22_mid--AUDIO-from_mp3_22_R1_2015_wav--3.midi | Segments:   39 | Shape: (39, 64, 88)
[ 130/177] ✓ MIDI-Unprocessed_R2_D1-2-3-6-7-8-11_mid--AUDIO-from_mp3_03_R2_2015_wav--1.midi | Segments:   28 | Shape: (28, 64, 88)
[ 131/177] ✓ MIDI-Unprocessed_R2_D1-2-3-6-7-8-11_mid--AUDIO-from_mp3_06_R2_2015_wav--1.midi | Segments:   88 | Shape: (88, 64, 88)
[ 132/177] ✓ MIDI-Unprocessed_R2_D2-12-13-15_mid--AUDIO-from_mp3_12_R2_2015_wav--3.midi | Segments:  184 | Shape: (184, 64, 88)
[ 133/177] ✓ MIDI-Unprocessed_R2_D2-12-13-15_mid--AUDIO-from_mp3_13_R2_2015_wav--4.midi | Segments:  161 | Shape: (161, 64, 88)
[ 134/177] ✓ MIDI-Unprocessed_R2_D2-19-21-22_mid--AUDIO-from_mp3_19_R2_2015_wav--3.midi | Segments:   92 | Shape: (92, 64, 88)
[ 135/177] ✓ MIDI-Unprocessed_Recital13-15_MID--AUDIO_14_R1_2018_wav--3.midi | Segments:   90 | Shape: (90, 64, 88)
[ 136/177] ✓ MIDI-Unprocessed_Recital13-15_MID--AUDIO_15_R1_2018_wav--1.midi | Segments:  130 | Shape: (130, 64, 88)
[ 137/177] ✓ MIDI-Unprocessed_Recital16_MID--AUDIO_16_R1_2018_wav--3.midi | Segments:   62 | Shape: (62, 64, 88)
[ 138/177] ✓ MIDI-Unprocessed_Recital17-19_MID--AUDIO_17_R1_2018_wav--2.midi | Segments:   73 | Shape: (73, 64, 88)
[ 139/177] ✓ MIDI-Unprocessed_Recital17-19_MID--AUDIO_18_R1_2018_wav--3.midi | Segments:   35 | Shape: (35, 64, 88)
[ 140/177] ✓ MIDI-Unprocessed_Recital17-19_MID--AUDIO_19_R1_2018_wav--3.midi | Segments:   58 | Shape: (58, 64, 88)
[ 141/177] ✓ MIDI-Unprocessed_Recital5-7_MID--AUDIO_06_R1_2018_wav--3.midi | Segments:  365 | Shape: (365, 64, 88)
[ 142/177] ✓ MIDI-Unprocessed_Recital9-11_MID--AUDIO_09_R1_2018_wav--1.midi | Segments:  342 | Shape: (342, 64, 88)
[ 143/177] ✓ MIDI-Unprocessed_Recital9-11_MID--AUDIO_09_R1_2018_wav--2.midi | Segments:   51 | Shape: (51, 64, 88)
[ 144/177] ✓ MIDI-Unprocessed_Recital9-11_MID--AUDIO_09_R1_2018_wav--5.midi | Segments:   54 | Shape: (54, 64, 88)
[ 145/177] ✓ MIDI-Unprocessed_SMF_02_R1_2004_01-05_ORIG_MID--AUDIO_02_R1_2004_08_Track08_wav.midi | Segments:   48 | Shape: (48, 64, 88)
[ 146/177] ✓ MIDI-Unprocessed_SMF_02_R1_2004_01-05_ORIG_MID--AUDIO_02_R1_2004_10_Track10_wav.midi | Segments:   78 | Shape: (78, 64, 88)
[ 147/177] ✓ MIDI-Unprocessed_SMF_17_R1_2004_03-06_ORIG_MID--AUDIO_20_R2_2004_12_Track12_wav--1.midi | Segments:   33 | Shape: (33, 64, 88)
[ 148/177] ✓ MIDI-Unprocessed_XP_03_R1_2004_01-02_ORIG_MID--AUDIO_03_R1_2004_01_Track01_wav.midi | Segments:  105 | Shape: (105, 64, 88)
[ 149/177] ✓ MIDI-Unprocessed_XP_04_R1_2004_03-05_ORIG_MID--AUDIO_04_R1_2004_06_Track06_wav.midi | Segments:   49 | Shape: (49, 64, 88)
[ 150/177] ✓ MIDI-Unprocessed_XP_08_R1_2004_04-06_ORIG_MID--AUDIO_08_R1_2004_05_Track05_wav--1.midi | Segments:   71 | Shape: (71, 64, 88)
[ 151/177] ✓ MIDI-Unprocessed_XP_11_R1_2004_01-02_ORIG_MID--AUDIO_11_R1_2004_02_Track02_wav.midi | Segments:  326 | Shape: (326, 64, 88)
[ 152/177] ✓ MIDI-Unprocessed_XP_14_R1_2004_04_ORIG_MID--AUDIO_14_R1_2004_04_Track04_wav.midi | Segments:   61 | Shape: (61, 64, 88)
[ 153/177] ✓ MIDI-Unprocessed_XP_14_R1_2004_04_ORIG_MID--AUDIO_14_R1_2004_05_Track05_wav.midi | Segments:   60 | Shape: (60, 64, 88)
[ 154/177] ✓ MIDI-Unprocessed_XP_15_R1_2004_03_ORIG_MID--AUDIO_15_R1_2004_03_Track03_wav.midi | Segments:  279 | Shape: (279, 64, 88)
[ 155/177] ✓ MIDI-Unprocessed_XP_18_R1_2004_01-02_ORIG_MID--AUDIO_18_R1_2004_03_Track03_wav.midi | Segments:   47 | Shape: (47, 64, 88)
[ 156/177] ✓ MIDI-Unprocessed_XP_18_R1_2004_01-02_ORIG_MID--AUDIO_18_R1_2004_05_Track05_wav.midi | Segments:   62 | Shape: (62, 64, 88)
[ 157/177] ✓ MIDI-Unprocessed_XP_19_R1_2004_01-02_ORIG_MID--AUDIO_19_R1_2004_02_Track02_wav.midi | Segments:   68 | Shape: (68, 64, 88)
[ 158/177] ✓ ORIG-MIDI_01_7_10_13_Group_MID--AUDIO_07_R3_2013_wav--1.midi | Segments:  111 | Shape: (111, 64, 88)
[ 159/177] ✓ ORIG-MIDI_01_7_6_13_Group__MID--AUDIO_01_R1_2013_wav--4.midi | Segments:   79 | Shape: (79, 64, 88)
[ 160/177] ✓ ORIG-MIDI_01_7_6_13_Group__MID--AUDIO_03_R1_2013_wav--1.midi | Segments:   68 | Shape: (68, 64, 88)
[ 161/177] ✓ ORIG-MIDI_01_7_6_13_Group__MID--AUDIO_04_R1_2013_wav--1.midi | Segments:   52 | Shape: (52, 64, 88)
[ 162/177] ✓ ORIG-MIDI_01_7_6_13_Group__MID--AUDIO_04_R1_2013_wav--3.midi | Segments:   65 | Shape: (65, 64, 88)
[ 163/177] ✓ ORIG-MIDI_01_7_6_13_Group__MID--AUDIO_04_R1_2013_wav--4.midi | Segments:  124 | Shape: (124, 64, 88)
[ 164/177] ✓ ORIG-MIDI_01_7_7_13_Group__MID--AUDIO_11_R1_2013_wav--1.midi | Segments:   97 | Shape: (97, 64, 88)
[ 165/177] ✓ ORIG-MIDI_01_7_7_13_Group__MID--AUDIO_11_R1_2013_wav--4.midi | Segments:   74 | Shape: (74, 64, 88)
[ 166/177] ✓ ORIG-MIDI_01_7_7_13_Group__MID--AUDIO_13_R1_2013_wav--3.midi | Segments:   64 | Shape: (64, 64, 88)
[ 167/177] ✓ ORIG-MIDI_01_7_7_13_Group__MID--AUDIO_14_R1_2013_wav--2.midi | Segments:   79 | Shape: (79, 64, 88)
[ 168/177] ✓ ORIG-MIDI_01_7_8_13_Group__MID--AUDIO_07_R2_2013_wav--2.midi | Segments:  105 | Shape: (105, 64, 88)
[ 169/177] ✓ ORIG-MIDI_02_7_10_13_Group_MID--AUDIO_12_R3_2013_wav--2.midi | Segments:   84 | Shape: (84, 64, 88)
[ 170/177] ✓ ORIG-MIDI_02_7_10_13_Group_MID--AUDIO_14_R3_2013_wav--2.midi | Segments:  281 | Shape: (281, 64, 88)
[ 171/177] ✓ ORIG-MIDI_02_7_6_13_Group__MID--AUDIO_08_R1_2013_wav--4.midi | Segments:   55 | Shape: (55, 64, 88)
[ 172/177] ✓ ORIG-MIDI_02_7_6_13_Group__MID--AUDIO_08_R1_2013_wav--5.midi | Segments:   40 | Shape: (40, 64, 88)
[ 173/177] ✓ ORIG-MIDI_02_7_7_13_Group__MID--AUDIO_16_R1_2013_wav--2.midi | Segments:  105 | Shape: (105, 64, 88)
[ 174/177] ✓ ORIG-MIDI_02_7_7_13_Group__MID--AUDIO_19_R1_2013_wav--2.midi | Segments:   80 | Shape: (80, 64, 88)
[ 175/177] ✓ ORIG-MIDI_03_7_10_13_Group_MID--AUDIO_17_R3_2013_wav--1.midi | Segments:   77 | Shape: (77, 64, 88)
[ 176/177] ✓ ORIG-MIDI_03_7_6_13_Group__MID--AUDIO_09_R1_2013_wav--3.midi | Segments:   48 | Shape: (48, 64, 88)
[ 177/177] ✓ ORIG-MIDI_03_7_8_13_Group__MID--AUDIO_19_R2_2013_wav--4.midi | Segments:  114 | Shape: (114, 64, 88)

----------------------------------------------------------------------
✓ Processed: 177 files
✗ Failed:    0 files
Metadata saved to: data/preprocessed_output/metadata/test_metadata.json
----------------------------------------------------------------------


======================================================================
Processing 137 validation files
======================================================================
[   1/137] ✓ MIDI-UNPROCESSED_01-03_R1_2014_MID--AUDIO_01_R1_2014_wav--5.midi | Segments:  109 | Shape: (109, 64, 88)
[   2/137] ✓ MIDI-UNPROCESSED_01-03_R1_2014_MID--AUDIO_02_R1_2014_wav--1.midi | Segments:   82 | Shape: (82, 64, 88)
[   3/137] ✓ MIDI-UNPROCESSED_01-03_R1_2014_MID--AUDIO_03_R1_2014_wav--2.midi | Segments:   47 | Shape: (47, 64, 88)
[   4/137] ✓ MIDI-UNPROCESSED_04-05_R1_2014_MID--AUDIO_04_R1_2014_wav--3.midi | Segments:  282 | Shape: (282, 64, 88)
[   5/137] ✓ MIDI-UNPROCESSED_04-05_R1_2014_MID--AUDIO_05_R1_2014_wav--4.midi | Segments:   64 | Shape: (64, 64, 88)
[   6/137] ✓ MIDI-UNPROCESSED_04-05_R1_2014_MID--AUDIO_05_R1_2014_wav--5.midi | Segments:   30 | Shape: (30, 64, 88)
[   7/137] ✓ MIDI-UNPROCESSED_04-08-12_R3_2014_MID--AUDIO_12_R3_2014_wav--2.midi | Segments:  193 | Shape: (193, 64, 88)
[   8/137] ✓ MIDI-UNPROCESSED_14-15_R1_2014_MID--AUDIO_15_R1_2014_wav--3.midi | Segments:   91 | Shape: (91, 64, 88)
[   9/137] ✓ MIDI-UNPROCESSED_14-15_R1_2014_MID--AUDIO_15_R1_2014_wav--4.midi | Segments:   79 | Shape: (79, 64, 88)
[  10/137] ✓ MIDI-UNPROCESSED_16-18_R1_2014_MID--AUDIO_16_R1_2014_wav--2.midi | Segments:  330 | Shape: (330, 64, 88)
[  11/137] ✓ MIDI-UNPROCESSED_19-20_R1_2014_MID--AUDIO_20_R1_2014_wav--2.midi | Segments:  408 | Shape: (408, 64, 88)
[  12/137] ✓ MIDI-Unprocessed_01_R1_2011_MID--AUDIO_R1-D1_06_Track06_wav.midi | Segments:  126 | Shape: (126, 64, 88)
[  13/137] ✓ MIDI-Unprocessed_02_R1_2008_01-05_ORIG_MID--AUDIO_02_R1_2008_wav--3.midi | Segments:   19 | Shape: (19, 64, 88)
[  14/137] ✓ MIDI-Unprocessed_02_R1_2009_03-06_ORIG_MID--AUDIO_02_R1_2009_02_R1_2009_05_WAV.midi | Segments:   42 | Shape: (42, 64, 88)
[  15/137] ✓ MIDI-Unprocessed_02_R2_2011_MID--AUDIO_R2-D1_03_Track03_wav.midi | Segments:   65 | Shape: (65, 64, 88)
[  16/137] ✓ MIDI-Unprocessed_03_R1_2011_MID--AUDIO_R1-D1_19_Track19_wav.midi | Segments:  141 | Shape: (141, 64, 88)
[  17/137] ✓ MIDI-Unprocessed_03_R3_2011_MID--AUDIO_R3-D1_03_Track03_wav.midi | Segments:   32 | Shape: (32, 64, 88)
[  18/137] ✓ MIDI-Unprocessed_043_PIANO043_MID--AUDIO-split_07-06-17_Piano-e_1-03_wav--1.midi | Segments:   96 | Shape: (96, 64, 88)
[  19/137] ✓ MIDI-Unprocessed_044_PIANO044_MID--AUDIO-split_07-06-17_Piano-e_1-04_wav--1.midi | Segments:  111 | Shape: (111, 64, 88)
[  20/137] ✓ MIDI-Unprocessed_049_PIANO049_MID--AUDIO-split_07-06-17_Piano-e_2-06_wav--4.midi | Segments:   40 | Shape: (40, 64, 88)
[  21/137] ✓ MIDI-Unprocessed_04_R1_2009_04-06_ORIG_MID--AUDIO_04_R1_2009_04_R1_2009_04_WAV.midi | Segments:  103 | Shape: (103, 64, 88)
[  22/137] ✓ MIDI-Unprocessed_04_R3_2008_01-07_ORIG_MID--AUDIO_04_R3_2008_wav--2.midi | Segments:   13 | Shape: (13, 64, 88)
[  23/137] ✓ MIDI-Unprocessed_050_PIANO050_MID--AUDIO-split_07-06-17_Piano-e_3-01_wav--1.midi | Segments:  112 | Shape: (112, 64, 88)
[  24/137] ✓ MIDI-Unprocessed_051_PIANO051_MID--AUDIO-split_07-06-17_Piano-e_3-02_wav--2.midi | Segments:   79 | Shape: (79, 64, 88)
[  25/137] ✓ MIDI-Unprocessed_055_PIANO055_MID--AUDIO-split_07-07-17_Piano-e_1-04_wav--3.midi | Segments:   68 | Shape: (68, 64, 88)
[  26/137] ✓ MIDI-Unprocessed_058_PIANO058_MID--AUDIO-split_07-07-17_Piano-e_2-02_wav--2.midi | Segments:   23 | Shape: (23, 64, 88)
[  27/137] ✓ MIDI-Unprocessed_058_PIANO058_MID--AUDIO-split_07-07-17_Piano-e_2-02_wav--3.midi | Segments:   80 | Shape: (80, 64, 88)
[  28/137] ✓ MIDI-Unprocessed_058_PIANO058_MID--AUDIO-split_07-07-17_Piano-e_2-02_wav--4.midi | Segments:   86 | Shape: (86, 64, 88)
[  29/137] ✓ MIDI-Unprocessed_05_R1_2008_01-04_ORIG_MID--AUDIO_05_R1_2008_wav--1.midi | Segments:  109 | Shape: (109, 64, 88)
[  30/137] ✓ MIDI-Unprocessed_060_PIANO060_MID--AUDIO-split_07-07-17_Piano-e_2-04_wav--3.midi | Segments:   23 | Shape: (23, 64, 88)
[  31/137] ✓ MIDI-Unprocessed_061_PIANO061_MID--AUDIO-split_07-07-17_Piano-e_2-05_wav--3.midi | Segments:  178 | Shape: (178, 64, 88)
[  32/137] ✓ MIDI-Unprocessed_062_PIANO062_MID--AUDIO-split_07-07-17_Piano-e_2-07_wav--3.midi | Segments:   25 | Shape: (25, 64, 88)
[  33/137] ✓ MIDI-Unprocessed_065_PIANO065_MID--AUDIO-split_07-07-17_Piano-e_3-01_wav--1.midi | Segments:   52 | Shape: (52, 64, 88)
[  34/137] ✓ MIDI-Unprocessed_06_R1_2009_03-07_ORIG_MID--AUDIO_06_R1_2009_06_R1_2009_05_WAV.midi | Segments:   92 | Shape: (92, 64, 88)
[  35/137] ✓ MIDI-Unprocessed_06_R1_2009_03-07_ORIG_MID--AUDIO_06_R1_2009_06_R1_2009_06_WAV.midi | Segments:  191 | Shape: (191, 64, 88)
[  36/137] ✓ MIDI-Unprocessed_06_R3_2011_MID--AUDIO_R3-D3_05_Track05_wav.midi | Segments:   56 | Shape: (56, 64, 88)
[  37/137] ✓ MIDI-Unprocessed_072_PIANO072_MID--AUDIO-split_07-08-17_Piano-e_1-06_wav--3.midi | Segments:  103 | Shape: (103, 64, 88)
[  38/137] ✓ MIDI-Unprocessed_073_PIANO073_MID--AUDIO-split_07-08-17_Piano-e_2-02_wav--4.midi | Segments:  245 | Shape: (245, 64, 88)
[  39/137] ✓ MIDI-Unprocessed_07_R1_2008_01-04_ORIG_MID--AUDIO_07_R1_2008_wav--2.midi | Segments:   77 | Shape: (77, 64, 88)
[  40/137] ✓ MIDI-Unprocessed_07_R1_2008_01-04_ORIG_MID--AUDIO_07_R1_2008_wav--3.midi | Segments:   64 | Shape: (64, 64, 88)
[  41/137] ✓ MIDI-Unprocessed_07_R1_2009_01-03_ORIG_MID--AUDIO_07_R1_2009_07_R1_2009_02_WAV.midi | Segments:  356 | Shape: (356, 64, 88)
[  42/137] ✓ MIDI-Unprocessed_07_R1_2009_04-05_ORIG_MID--AUDIO_07_R1_2009_07_R1_2009_04_WAV.midi | Segments:  100 | Shape: (100, 64, 88)
[  43/137] ✓ MIDI-Unprocessed_07_R1_2011_MID--AUDIO_R1-D3_05_Track05_wav.midi | Segments:  131 | Shape: (131, 64, 88)
[  44/137] ✓ MIDI-Unprocessed_07_R2_2008_01-05_ORIG_MID--AUDIO_07_R2_2008_wav--2.midi | Segments:   23 | Shape: (23, 64, 88)
[  45/137] ✓ MIDI-Unprocessed_07_R2_2008_01-05_ORIG_MID--AUDIO_07_R2_2008_wav--3.midi | Segments:   31 | Shape: (31, 64, 88)
[  46/137] ✓ MIDI-Unprocessed_083_PIANO083_MID--AUDIO-split_07-09-17_Piano-e_2_-06_wav--5.midi | Segments:   67 | Shape: (67, 64, 88)
[  47/137] ✓ MIDI-Unprocessed_08_R1_2006_01-04_ORIG_MID--AUDIO_08_R1_2006_Disk1_02_Track02_wav.midi | Segments:  139 | Shape: (139, 64, 88)
[  48/137] ✓ MIDI-Unprocessed_08_R1_2009_01-04_ORIG_MID--AUDIO_08_R1_2009_08_R1_2009_02_WAV.midi | Segments:   84 | Shape: (84, 64, 88)
[  49/137] ✓ MIDI-Unprocessed_09_R1_2006_01-04_ORIG_MID--AUDIO_09_R1_2006_01_Track01_wav.midi | Segments:  174 | Shape: (174, 64, 88)
[  50/137] ✓ MIDI-Unprocessed_09_R1_2006_01-04_ORIG_MID--AUDIO_09_R1_2006_03_Track03_wav.midi | Segments:  276 | Shape: (276, 64, 88)
[  51/137] ✓ MIDI-Unprocessed_09_R1_2008_01-05_ORIG_MID--AUDIO_09_R1_2008_wav--4.midi | Segments:   38 | Shape: (38, 64, 88)
[  52/137] ✓ MIDI-Unprocessed_09_R1_2009_05-06_ORIG_MID--AUDIO_09_R1_2009_09_R1_2009_05_WAV.midi | Segments:  394 | Shape: (394, 64, 88)
[  53/137] ✓ MIDI-Unprocessed_09_R2_2008_01-05_ORIG_MID--AUDIO_09_R2_2008_wav--5.midi | Segments:  132 | Shape: (132, 64, 88)
[  54/137] ✓ MIDI-Unprocessed_09_R3_2008_01-07_ORIG_MID--AUDIO_09_R3_2008_wav--7.midi | Segments:   77 | Shape: (77, 64, 88)
[  55/137] ✓ MIDI-Unprocessed_10_R1_2011_MID--AUDIO_R1-D4_05_Track05_wav.midi | Segments:  126 | Shape: (126, 64, 88)
[  56/137] ✓ MIDI-Unprocessed_11_R1_2009_06-09_ORIG_MID--AUDIO_11_R1_2009_11_R1_2009_06_WAV.midi | Segments:   35 | Shape: (35, 64, 88)
[  57/137] ✓ MIDI-Unprocessed_12_R1_2006_01-08_ORIG_MID--AUDIO_12_R1_2006_03_Track03_wav.midi | Segments:   34 | Shape: (34, 64, 88)
[  58/137] ✓ MIDI-Unprocessed_12_R1_2006_01-08_ORIG_MID--AUDIO_12_R1_2006_04_Track04_wav.midi | Segments:   50 | Shape: (50, 64, 88)
[  59/137] ✓ MIDI-Unprocessed_12_R1_2008_01-04_ORIG_MID--AUDIO_12_R1_2008_wav--3.midi | Segments:   39 | Shape: (39, 64, 88)
[  60/137] ✓ MIDI-Unprocessed_12_R1_2009_03-05_ORIG_MID--AUDIO_12_R1_2009_12_R1_2009_05_WAV.midi | Segments:  152 | Shape: (152, 64, 88)
[  61/137] ✓ MIDI-Unprocessed_12_R2_2011_MID--AUDIO_R2-D4_02_Track02_wav.midi | Segments:   94 | Shape: (94, 64, 88)
[  62/137] ✓ MIDI-Unprocessed_12_R3_2011_MID--AUDIO_R3-D4_02_Track02_wav.midi | Segments:   34 | Shape: (34, 64, 88)
[  63/137] ✓ MIDI-Unprocessed_13_R1_2006_01-06_ORIG_MID--AUDIO_13_R1_2006_05_Track05_wav.midi | Segments:  122 | Shape: (122, 64, 88)
[  64/137] ✓ MIDI-Unprocessed_14_R1_2006_01-05_ORIG_MID--AUDIO_14_R1_2006_04_Track04_wav.midi | Segments:   91 | Shape: (91, 64, 88)
[  65/137] ✓ MIDI-Unprocessed_14_R1_2008_01-05_ORIG_MID--AUDIO_14_R1_2008_wav--4.midi | Segments:   65 | Shape: (65, 64, 88)
[  66/137] ✓ MIDI-Unprocessed_14_R1_2011_MID--AUDIO_R1-D6_02_Track02_wav.midi | Segments:   57 | Shape: (57, 64, 88)
[  67/137] ✓ MIDI-Unprocessed_15_R2_2008_01-04_ORIG_MID--AUDIO_15_R2_2008_wav--2.midi | Segments:   26 | Shape: (26, 64, 88)
[  68/137] ✓ MIDI-Unprocessed_15_R2_2008_01-04_ORIG_MID--AUDIO_15_R2_2008_wav--4.midi | Segments:  157 | Shape: (157, 64, 88)
[  69/137] ✓ MIDI-Unprocessed_16_R1_2006_01-04_ORIG_MID--AUDIO_16_R1_2006_01_Track01_wav.midi | Segments:  268 | Shape: (268, 64, 88)
[  70/137] ✓ MIDI-Unprocessed_16_R1_2008_01-04_ORIG_MID--AUDIO_16_R1_2008_wav--3.midi | Segments:   74 | Shape: (74, 64, 88)
[  71/137] ✓ MIDI-Unprocessed_16_R1_2009_01-02_ORIG_MID--AUDIO_16_R1_2009_16_R1_2009_01_WAV.midi | Segments:  382 | Shape: (382, 64, 88)
[  72/137] ✓ MIDI-Unprocessed_16_R1_2009_03-06_ORIG_MID--AUDIO_16_R1_2009_16_R1_2009_03_WAV.midi | Segments:  157 | Shape: (157, 64, 88)
[  73/137] ✓ MIDI-Unprocessed_16_R1_2011_MID--AUDIO_R1-D6_15_Track15_wav.midi | Segments:   89 | Shape: (89, 64, 88)
[  74/137] ✓ MIDI-Unprocessed_16_R2_2009_01_ORIG_MID--AUDIO_16_R2_2009_16_R2_2009_03_WAV.midi | Segments:   78 | Shape: (78, 64, 88)
[  75/137] ✓ MIDI-Unprocessed_17_R1_2006_01-06_ORIG_MID--AUDIO_17_R1_2006_04_Track04_wav.midi | Segments:   99 | Shape: (99, 64, 88)
[  76/137] ✓ MIDI-Unprocessed_17_R1_2008_01-04_ORIG_MID--AUDIO_17_R1_2008_wav--1.midi | Segments:   80 | Shape: (80, 64, 88)
[  77/137] ✓ MIDI-Unprocessed_19_R1_2006_01-07_ORIG_MID--AUDIO_19_R1_2006_03_Track03_wav.midi | Segments:  418 | Shape: (418, 64, 88)
[  78/137] ✓ MIDI-Unprocessed_19_R1_2006_01-07_ORIG_MID--AUDIO_19_R1_2006_06_Track06_wav.midi | Segments:  107 | Shape: (107, 64, 88)
[  79/137] ✓ MIDI-Unprocessed_19_R1_2006_01-07_ORIG_MID--AUDIO_19_R1_2006_07_Track07_wav.midi | Segments:   88 | Shape: (88, 64, 88)
[  80/137] ✓ MIDI-Unprocessed_21_R1_2011_MID--AUDIO_R1-D8_10_Track10_wav.midi | Segments:  133 | Shape: (133, 64, 88)
[  81/137] ✓ MIDI-Unprocessed_22_R1_2006_01-04_ORIG_MID--AUDIO_22_R1_2006_02_Track02_wav.midi | Segments:  297 | Shape: (297, 64, 88)
[  82/137] ✓ MIDI-Unprocessed_23_R1_2006_01-05_ORIG_MID--AUDIO_23_R1_2006_02_Track02_wav.midi | Segments:  207 | Shape: (207, 64, 88)
[  83/137] ✓ MIDI-Unprocessed_23_R1_2011_MID--AUDIO_R1-D9_05_Track05_wav.midi | Segments:   39 | Shape: (39, 64, 88)
[  84/137] ✓ MIDI-Unprocessed_23_R3_2011_MID--AUDIO_R3-D8_03_Track03_wav.midi | Segments:   61 | Shape: (61, 64, 88)
[  85/137] ✓ MIDI-Unprocessed_25_R3_2011_MID--AUDIO_R3-D9_05_Track05_wav.midi | Segments:   74 | Shape: (74, 64, 88)
[  86/137] ✓ MIDI-Unprocessed_Chamber3_MID--AUDIO_10_R3_2018_wav--2.midi | Segments:  208 | Shape: (208, 64, 88)
[  87/137] ✓ MIDI-Unprocessed_Chamber6_MID--AUDIO_20_R3_2018_wav--1.midi | Segments:  132 | Shape: (132, 64, 88)
[  88/137] ✓ MIDI-Unprocessed_R1_D1-1-8_mid--AUDIO-from_mp3_01_R1_2015_wav--2.midi | Segments:   75 | Shape: (75, 64, 88)
[  89/137] ✓ MIDI-Unprocessed_R1_D1-1-8_mid--AUDIO-from_mp3_03_R1_2015_wav--3.midi | Segments:   84 | Shape: (84, 64, 88)
[  90/137] ✓ MIDI-Unprocessed_R1_D1-1-8_mid--AUDIO-from_mp3_03_R1_2015_wav--4.midi | Segments:  134 | Shape: (134, 64, 88)
[  91/137] ✓ MIDI-Unprocessed_R1_D1-1-8_mid--AUDIO-from_mp3_04_R1_2015_wav--3.midi | Segments:   70 | Shape: (70, 64, 88)
[  92/137] ✓ MIDI-Unprocessed_R1_D1-1-8_mid--AUDIO-from_mp3_05_R1_2015_wav--1.midi | Segments:   85 | Shape: (85, 64, 88)
[  93/137] ✓ MIDI-Unprocessed_R1_D1-1-8_mid--AUDIO-from_mp3_06_R1_2015_wav--3.midi | Segments:   11 | Shape: (11, 64, 88)
[  94/137] ✓ MIDI-Unprocessed_R1_D1-9-12_mid--AUDIO-from_mp3_09_R1_2015_wav--4.midi | Segments:   68 | Shape: (68, 64, 88)
[  95/137] ✓ MIDI-Unprocessed_R1_D1-9-12_mid--AUDIO-from_mp3_10_R1_2015_wav--1.midi | Segments:   87 | Shape: (87, 64, 88)
[  96/137] ✓ MIDI-Unprocessed_R1_D2-13-20_mid--AUDIO-from_mp3_13_R1_2015_wav--2.midi | Segments:   79 | Shape: (79, 64, 88)
[  97/137] ✓ MIDI-Unprocessed_R1_D2-13-20_mid--AUDIO-from_mp3_14_R1_2015_wav--3.midi | Segments:  138 | Shape: (138, 64, 88)
[  98/137] ✓ MIDI-Unprocessed_R1_D2-13-20_mid--AUDIO-from_mp3_18_R1_2015_wav--3.midi | Segments:  149 | Shape: (149, 64, 88)
[  99/137] ✓ MIDI-Unprocessed_R1_D2-21-22_mid--AUDIO-from_mp3_22_R1_2015_wav--4.midi | Segments:   88 | Shape: (88, 64, 88)
[ 100/137] ✓ MIDI-Unprocessed_R2_D2-12-13-15_mid--AUDIO-from_mp3_12_R2_2015_wav--2.midi | Segments:   87 | Shape: (87, 64, 88)
[ 101/137] ✓ MIDI-Unprocessed_Recital1-3_MID--AUDIO_02_R1_2018_wav--1.midi | Segments:  614 | Shape: (614, 64, 88)
[ 102/137] ✓ MIDI-Unprocessed_Recital17-19_MID--AUDIO_17_R1_2018_wav--3.midi | Segments:  267 | Shape: (267, 64, 88)
[ 103/137] ✓ MIDI-Unprocessed_Recital17-19_MID--AUDIO_19_R1_2018_wav--5.midi | Segments:   61 | Shape: (61, 64, 88)
[ 104/137] ✓ MIDI-Unprocessed_Recital4_MID--AUDIO_04_R1_2018_wav--1.midi | Segments:  114 | Shape: (114, 64, 88)
[ 105/137] ✓ MIDI-Unprocessed_Recital4_MID--AUDIO_04_R1_2018_wav--3.midi | Segments:  190 | Shape: (190, 64, 88)
[ 106/137] ✓ MIDI-Unprocessed_Recital4_MID--AUDIO_04_R1_2018_wav--4.midi | Segments:  244 | Shape: (244, 64, 88)
[ 107/137] ✓ MIDI-Unprocessed_Recital5-7_MID--AUDIO_05_R1_2018_wav--3.midi | Segments:  339 | Shape: (339, 64, 88)
[ 108/137] ✓ MIDI-Unprocessed_Recital8_MID--AUDIO_08_R1_2018_wav--2.midi | Segments:  263 | Shape: (263, 64, 88)
[ 109/137] ✓ MIDI-Unprocessed_Recital9-11_MID--AUDIO_09_R1_2018_wav--3.midi | Segments:   76 | Shape: (76, 64, 88)
[ 110/137] ✓ MIDI-Unprocessed_Recital9-11_MID--AUDIO_09_R1_2018_wav--4.midi | Segments:   67 | Shape: (67, 64, 88)
[ 111/137] ✓ MIDI-Unprocessed_Recital9-11_MID--AUDIO_10_R1_2018_wav--5.midi | Segments:  255 | Shape: (255, 64, 88)
[ 112/137] ✓ MIDI-Unprocessed_SMF_02_R1_2004_01-05_ORIG_MID--AUDIO_02_R1_2004_06_Track06_wav.midi | Segments:   66 | Shape: (66, 64, 88)
[ 113/137] ✓ MIDI-Unprocessed_SMF_12_01_2004_01-05_ORIG_MID--AUDIO_12_R1_2004_03_Track03_wav--1.midi | Segments:  284 | Shape: (284, 64, 88)
[ 114/137] ✓ MIDI-Unprocessed_SMF_13_01_2004_01-05_ORIG_MID--AUDIO_13_R1_2004_05_Track05_wav.midi | Segments:  350 | Shape: (350, 64, 88)
[ 115/137] ✓ MIDI-Unprocessed_SMF_13_01_2004_01-05_ORIG_MID--AUDIO_13_R1_2004_12_Track12_wav.midi | Segments:   61 | Shape: (61, 64, 88)
[ 116/137] ✓ MIDI-Unprocessed_SMF_16_R1_2004_01-08_ORIG_MID--AUDIO_16_R1_2004_02_Track02_wav.midi | Segments:   57 | Shape: (57, 64, 88)
[ 117/137] ✓ MIDI-Unprocessed_SMF_16_R1_2004_01-08_ORIG_MID--AUDIO_16_R1_2004_03_Track03_wav.midi | Segments:   82 | Shape: (82, 64, 88)
[ 118/137] ✓ MIDI-Unprocessed_SMF_16_R1_2004_01-08_ORIG_MID--AUDIO_16_R1_2004_04_Track04_wav.midi | Segments:   54 | Shape: (54, 64, 88)
[ 119/137] ✓ MIDI-Unprocessed_SMF_16_R1_2004_01-08_ORIG_MID--AUDIO_16_R1_2004_06_Track06_wav.midi | Segments:   59 | Shape: (59, 64, 88)
[ 120/137] ✓ MIDI-Unprocessed_XP_01_R1_2004_04-05_ORIG_MID--AUDIO_01_R1_2004_05_Track05_wav.midi | Segments:  127 | Shape: (127, 64, 88)
[ 121/137] ✓ MIDI-Unprocessed_XP_04_R1_2004_06_ORIG_MID--AUDIO_04_R1_2004_08_Track08_wav.midi | Segments:  132 | Shape: (132, 64, 88)
[ 122/137] ✓ MIDI-Unprocessed_XP_09_R1_2004_01-02_ORIG_MID--AUDIO_09_R1_2004_01_Track01_wav.midi | Segments:   50 | Shape: (50, 64, 88)
[ 123/137] ✓ MIDI-Unprocessed_XP_10_R1_2004_01-02_ORIG_MID--AUDIO_10_R1_2004_02_Track02_wav.midi | Segments:  328 | Shape: (328, 64, 88)
[ 124/137] ✓ MIDI-Unprocessed_XP_11_R1_2004_03-04_ORIG_MID--AUDIO_11_R1_2004_04_Track04_wav.midi | Segments:  142 | Shape: (142, 64, 88)
[ 125/137] ✓ MIDI-Unprocessed_XP_14_R1_2004_01-03_ORIG_MID--AUDIO_14_R1_2004_03_Track03_wav.midi | Segments:  266 | Shape: (266, 64, 88)
[ 126/137] ✓ MIDI-Unprocessed_XP_19_R1_2004_01-02_ORIG_MID--AUDIO_19_R1_2004_01_Track01_wav.midi | Segments:   52 | Shape: (52, 64, 88)
[ 127/137] ✓ MIDI-Unprocessed_XP_19_R1_2004_01-02_ORIG_MID--AUDIO_19_R1_2004_03_Track03_wav.midi | Segments:  525 | Shape: (525, 64, 88)
[ 128/137] ✓ ORIG-MIDI_01_7_6_13_Group__MID--AUDIO_01_R1_2013_wav--3.midi | Segments:   75 | Shape: (75, 64, 88)
[ 129/137] ✓ ORIG-MIDI_01_7_6_13_Group__MID--AUDIO_03_R1_2013_wav--4.midi | Segments:  110 | Shape: (110, 64, 88)
[ 130/137] ✓ ORIG-MIDI_01_7_7_13_Group__MID--AUDIO_14_R1_2013_wav--1.midi | Segments:   53 | Shape: (53, 64, 88)
[ 131/137] ✓ ORIG-MIDI_01_7_8_13_Group__MID--AUDIO_02_R2_2013_wav--5.midi | Segments:   78 | Shape: (78, 64, 88)
[ 132/137] ✓ ORIG-MIDI_02_7_6_13_Group__MID--AUDIO_06_R1_2013_wav--2.midi | Segments:  100 | Shape: (100, 64, 88)
[ 133/137] ✓ ORIG-MIDI_02_7_6_13_Group__MID--AUDIO_06_R1_2013_wav--4.midi | Segments:   90 | Shape: (90, 64, 88)
[ 134/137] ✓ ORIG-MIDI_02_7_8_13_Group__MID--AUDIO_14_R2_2013_wav--4.midi | Segments:  105 | Shape: (105, 64, 88)
[ 135/137] ✓ ORIG-MIDI_03_7_10_13_Group_MID--AUDIO_15_R3_2013_wav--2.midi | Segments:   96 | Shape: (96, 64, 88)
[ 136/137] ✓ ORIG-MIDI_03_7_6_13_Group__MID--AUDIO_10_R1_2013_wav--4.midi | Segments:  138 | Shape: (138, 64, 88)
[ 137/137] ✓ ORIG-MIDI_03_7_8_13_Group__MID--AUDIO_18_R2_2013_wav--3.midi | Segments:   69 | Shape: (69, 64, 88)

----------------------------------------------------------------------
✓ Processed: 137 files
✗ Failed:    0 files
Metadata saved to: data/preprocessed_output/metadata/validation_metadata.json
----------------------------------------------------------------------


======================================================================
PREPROCESSING SUMMARY
======================================================================

TRAIN:
  Files:    962
  Segments: 143037

TEST:
  Files:    177
  Segments: 17948

VALIDATION:
  Files:    137
  Segments: 17455

TOTAL:
  Files:    1276
  Segments: 178440

Output directory: data/preprocessed_output
======================================================================
✓ Summary saved to: data/preprocessed_output/metadata/summary.json

